location_id,period_of_time,sensor_description,sensor_name,latitude,longitude,total_pedestrian_count,hours_covered,days_covered,suburb,postcode
1,1. Late Night (12am-6am),Bourke Street Mall (North),Bou292_T,-37.81349441,144.96515323,85536,2124,355,Melbourne,3000
1,2. Morning (6am-12pm),Bourke Street Mall (North),Bou292_T,-37.81349441,144.96515323,959788,1784,355,Melbourne,3000
1,3. Afternoon (12pm-6pm),Bourke Street Mall (North),Bou292_T,-37.81349441,144.96515323,3077950,1239,350,Melbourne,3000
1,4. Night (6pm-12am),Bourke Street Mall (North),Bou292_T,-37.81349441,144.96515323,900950,1083,354,Melbourne,3000
2,1. Late Night (12am-6am),Bourke Street Mall (South),Bou283_T,-37.81380668,144.96516718,76304,2188,365,Melbourne,3000
2,2. Morning (6am-12pm),Bourke Street Mall (South),Bou283_T,-37.81380668,144.96516718,615419,1874,365,Melbourne,3000
2,3. Afternoon (12pm-6pm),Bourke Street Mall (South),Bou283_T,-37.81380668,144.96516718,1629611,1219,358,Melbourne,3000
2,4. Night (6pm-12am),Bourke Street Mall (South),Bou283_T,-37.81380668,144.96516718,645426,1876,365,Melbourne,3000
3,1. Late Night (12am-6am),Melbourne Central,Swa295_T,-37.81101524,144.96429485,371486,2176,363,Melbourne,3000
3,2. Morning (6am-12pm),Melbourne Central,Swa295_T,-37.81101524,144.96429485,830532,1829,363,Melbourne,3000
3,3. Afternoon (12pm-6pm),Melbourne Central,Swa295_T,-37.81101524,144.96429485,2406604,1104,358,Melbourne,3000
3,4. Night (6pm-12am),Melbourne Central,Swa295_T,-37.81101524,144.96429485,2579598,1821,363,Melbourne,3000
4,1. Late Night (12am-6am),Town Hall (West),Swa123_T,-37.81487988,144.9660878,262647,2188,365,Melbourne,3000
4,2. Morning (6am-12pm),Town Hall (West),Swa123_T,-37.81487988,144.9660878,1477613,1837,365,Melbourne,3000
4,3. Afternoon (12pm-6pm),Town Hall (West),Swa123_T,-37.81487988,144.9660878,3410086,1141,365,Melbourne,3000
4,4. Night (6pm-12am),Town Hall (West),Swa123_T,-37.81487988,144.9660878,1674279,1235,363,Melbourne,3000
5,1. Late Night (12am-6am),Princes Bridge,PriNW_T,-37.81874249,144.96787656,168085,2139,358,Melbourne,3000
5,2. Morning (6am-12pm),Princes Bridge,PriNW_T,-37.81874249,144.96787656,1407375,1806,358,Melbourne,3000
5,3. Afternoon (12pm-6pm),Princes Bridge,PriNW_T,-37.81874249,144.96787656,2406595,1138,359,Melbourne,3000
5,4. Night (6pm-12am),Princes Bridge,PriNW_T,-37.81874249,144.96787656,1341732,1026,356,Melbourne,3000
6,1. Late Night (12am-6am),Flinders Street Station Underpass,FliS_T,-37.81911705,144.96558255,279018,2188,365,Melbourne,3000
6,2. Morning (6am-12pm),Flinders Street Station Underpass,FliS_T,-37.81911705,144.96558255,2173384,1885,365,Melbourne,3000
6,3. Afternoon (12pm-6pm),Flinders Street Station Underpass,FliS_T,-37.81911705,144.96558255,2494083,1259,365,Melbourne,3000
6,4. Night (6pm-12am),Flinders Street Station Underpass,FliS_T,-37.81911705,144.96558255,1789777,1446,364,Melbourne,3000
8,1. Late Night (12am-6am),Webb Bridge,WebBN_T,-37.82293543,144.9471751,11788,1678,365,Docklands,3008
8,2. Morning (6am-12pm),Webb Bridge,WebBN_T,-37.82293543,144.9471751,562392,2184,364,Docklands,3008
8,3. Afternoon (12pm-6pm),Webb Bridge,WebBN_T,-37.82293543,144.9471751,1023986,2184,364,Docklands,3008
8,4. Night (6pm-12am),Webb Bridge,WebBN_T,-37.82293543,144.9471751,264588,2177,363,Docklands,3008
9,1. Late Night (12am-6am),Southern Cross Station,Col700_T,-37.81982992,144.95102555,40315,2058,348,Docklands,3008
9,2. Morning (6am-12pm),Southern Cross Station,Col700_T,-37.81982992,144.95102555,1818868,2091,349,Docklands,3008
9,3. Afternoon (12pm-6pm),Southern Cross Station,Col700_T,-37.81982992,144.95102555,2182330,2089,349,Docklands,3008
9,4. Night (6pm-12am),Southern Cross Station,Col700_T,-37.81982992,144.95102555,474504,2088,348,Docklands,3008
10,1. Late Night (12am-6am),Victoria Point,BouHbr_T,-37.81876474,144.94710545,15824,1672,363,Docklands,3008
10,2. Morning (6am-12pm),Victoria Point,BouHbr_T,-37.81876474,144.94710545,235765,2157,364,Docklands,3008
10,3. Afternoon (12pm-6pm),Victoria Point,BouHbr_T,-37.81876474,144.94710545,391382,2180,364,Docklands,3008
10,4. Night (6pm-12am),Victoria Point,BouHbr_T,-37.81876474,144.94710545,173506,2179,364,Docklands,3008
11,1. Late Night (12am-6am),Waterfront City,WatCit_T,-37.81564989,144.93970694,9938,939,359,Docklands,3008
11,2. Morning (6am-12pm),Waterfront City,WatCit_T,-37.81564989,144.93970694,173513,1473,365,Docklands,3008
11,3. Afternoon (12pm-6pm),Waterfront City,WatCit_T,-37.81564989,144.93970694,456895,2190,365,Docklands,3008
11,4. Night (6pm-12am),Waterfront City,WatCit_T,-37.81564989,144.93970694,381644,2184,365,Docklands,3008
12,1. Late Night (12am-6am),New Quay,NewQ_T,-37.81457988,144.94292398,27274,1429,357,Docklands,3008
12,2. Morning (6am-12pm),New Quay,NewQ_T,-37.81457988,144.94292398,405671,2142,358,Docklands,3008
12,3. Afternoon (12pm-6pm),New Quay,NewQ_T,-37.81457988,144.94292398,816154,2142,357,Docklands,3008
12,4. Night (6pm-12am),New Quay,NewQ_T,-37.81457988,144.94292398,809988,2141,362,Docklands,3008
14,1. Late Night (12am-6am),Sandridge Bridge,SanBri_T,-37.82011242,144.96291897,116740,2015,338,Southbank,3006
14,2. Morning (6am-12pm),Sandridge Bridge,SanBri_T,-37.82011242,144.96291897,551298,1546,342,Southbank,3006
14,3. Afternoon (12pm-6pm),Sandridge Bridge,SanBri_T,-37.82011242,144.96291897,391895,627,287,Southbank,3006
14,4. Night (6pm-12am),Sandridge Bridge,SanBri_T,-37.82011242,144.96291897,482146,1133,335,Southbank,3006
17,1. Late Night (12am-6am),Collins Place (South),Col15_T,-37.81362543,144.97323591,52934,2172,364,Melbourne,3000
17,2. Morning (6am-12pm),Collins Place (South),Col15_T,-37.81362543,144.97323591,1094303,2181,365,Melbourne,3000
17,3. Afternoon (12pm-6pm),Collins Place (South),Col15_T,-37.81362543,144.97323591,1497792,2188,365,Melbourne,3000
17,4. Night (6pm-12am),Collins Place (South),Col15_T,-37.81362543,144.97323591,458227,2184,364,Melbourne,3000
18,1. Late Night (12am-6am),Collins Place (North),Col12_T,-37.81344862,144.97305353,6300,1131,303,Melbourne,3000
18,2. Morning (6am-12pm),Collins Place (North),Col12_T,-37.81344862,144.97305353,789563,2133,364,Melbourne,3000
18,3. Afternoon (12pm-6pm),Collins Place (North),Col12_T,-37.81344862,144.97305353,829946,2178,363,Melbourne,3000
18,4. Night (6pm-12am),Collins Place (North),Col12_T,-37.81344862,144.97305353,118243,1789,347,Melbourne,3000
19,1. Late Night (12am-6am),Chinatown-Swanston St (North),LtB210_T,-37.81237202,144.96550671,189743,2091,349,Melbourne,3000
19,2. Morning (6am-12pm),Chinatown-Swanston St (North),LtB210_T,-37.81237202,144.96550671,428251,2092,349,Melbourne,3000
19,3. Afternoon (12pm-6pm),Chinatown-Swanston St (North),LtB210_T,-37.81237202,144.96550671,2079303,2093,350,Melbourne,3000
19,4. Night (6pm-12am),Chinatown-Swanston St (North),LtB210_T,-37.81237202,144.96550671,1889090,2094,349,Melbourne,3000
20,1. Late Night (12am-6am),Chinatown-Lt Bourke St (South),LtB170_T,-37.81172914,144.9682466,189901,2164,363,Melbourne,3000
20,2. Morning (6am-12pm),Chinatown-Lt Bourke St (South),LtB170_T,-37.81172914,144.9682466,307128,2173,363,Melbourne,3000
20,3. Afternoon (12pm-6pm),Chinatown-Lt Bourke St (South),LtB170_T,-37.81172914,144.9682466,1148333,2168,362,Melbourne,3000
20,4. Night (6pm-12am),Chinatown-Lt Bourke St (South),LtB170_T,-37.81172914,144.9682466,1327865,2172,362,Melbourne,3000
21,1. Late Night (12am-6am),155-161 Russell Street,Bourke155_T,-37.81267313,144.96788288,89018,960,260,Melbourne,3000
21,2. Morning (6am-12pm),155-161 Russell Street,Bourke155_T,-37.81267313,144.96788288,257039,1163,261,Melbourne,3000
21,3. Afternoon (12pm-6pm),155-161 Russell Street,Bourke155_T,-37.81267313,144.96788288,1179756,1566,261,Melbourne,3000
21,4. Night (6pm-12am),155-161 Russell Street,Bourke155_T,-37.81267313,144.96788288,962963,1557,261,Melbourne,3000
23,1. Late Night (12am-6am),Spencer St-Collins St (South),Col623_T,-37.81909256,144.95452748,64429,2181,365,Melbourne,3000
23,2. Morning (6am-12pm),Spencer St-Collins St (South),Col623_T,-37.81909256,144.95452748,996810,2187,365,Melbourne,3000
23,3. Afternoon (12pm-6pm),Spencer St-Collins St (South),Col623_T,-37.81909256,144.95452748,1383526,2186,365,Melbourne,3000
23,4. Night (6pm-12am),Spencer St-Collins St (South),Col623_T,-37.81909256,144.95452748,594038,2189,365,Melbourne,3000
24,1. Late Night (12am-6am),Spencer St-Collins St (North),Col620_T,-37.81887963,144.95449198,211318,2165,362,Melbourne,3000
24,2. Morning (6am-12pm),Spencer St-Collins St (North),Col620_T,-37.81887963,144.95449198,2339848,2165,363,Melbourne,3000
24,3. Afternoon (12pm-6pm),Spencer St-Collins St (North),Col620_T,-37.81887963,144.95449198,3563389,2164,362,Melbourne,3000
24,4. Night (6pm-12am),Spencer St-Collins St (North),Col620_T,-37.81887963,144.95449198,1792979,2173,363,Melbourne,3000
25,1. Late Night (12am-6am),Melbourne Convention Exhibition Centre,MCEC_T,-37.82401776,144.95604426,94887,2139,358,South Wharf,3006
25,2. Morning (6am-12pm),Melbourne Convention Exhibition Centre,MCEC_T,-37.82401776,144.95604426,1285466,2155,365,South Wharf,3006
25,3. Afternoon (12pm-6pm),Melbourne Convention Exhibition Centre,MCEC_T,-37.82401776,144.95604426,2948680,2148,358,South Wharf,3006
25,4. Night (6pm-12am),Melbourne Convention Exhibition Centre,MCEC_T,-37.82401776,144.95604426,1429860,2148,358,South Wharf,3006
27,1. Late Night (12am-6am),QV Market-Peel St,Vic_T,-37.80606888,144.95644692,31710,1922,322,Melbourne,3000
27,2. Morning (6am-12pm),QV Market-Peel St,Vic_T,-37.80606888,144.95644692,331548,1934,323,Melbourne,3000
27,3. Afternoon (12pm-6pm),QV Market-Peel St,Vic_T,-37.80606888,144.95644692,573018,1934,323,Melbourne,3000
27,4. Night (6pm-12am),QV Market-Peel St,Vic_T,-37.80606888,144.95644692,281526,1938,323,Melbourne,3000
28,1. Late Night (12am-6am),The Arts Centre,VAC_T,-37.82129925,144.96879309,74297,2153,365,Southbank,3006
28,2. Morning (6am-12pm),The Arts Centre,VAC_T,-37.82129925,144.96879309,1442846,2178,363,Southbank,3006
28,3. Afternoon (12pm-6pm),The Arts Centre,VAC_T,-37.82129925,144.96879309,3284699,2178,363,Southbank,3006
28,4. Night (6pm-12am),The Arts Centre,VAC_T,-37.82129925,144.96879309,1355925,2148,361,Southbank,3006
29,1. Late Night (12am-6am),St Kilda Rd-Alexandra Gardens,AG_T,-37.8199817,144.96872865,62635,2154,365,Melbourne,3000
29,2. Morning (6am-12pm),St Kilda Rd-Alexandra Gardens,AG_T,-37.8199817,144.96872865,669768,2184,365,Melbourne,3000
29,3. Afternoon (12pm-6pm),St Kilda Rd-Alexandra Gardens,AG_T,-37.8199817,144.96872865,1546303,2188,365,Melbourne,3000
29,4. Night (6pm-12am),St Kilda Rd-Alexandra Gardens,AG_T,-37.8199817,144.96872865,1021853,2180,365,Melbourne,3000
30,1. Late Night (12am-6am),Lonsdale St (South),Lon189_T,-37.8112185,144.96656806,337677,2188,365,Melbourne,3000
30,2. Morning (6am-12pm),Lonsdale St (South),Lon189_T,-37.8112185,144.96656806,449920,2189,365,Melbourne,3000
30,3. Afternoon (12pm-6pm),Lonsdale St (South),Lon189_T,-37.8112185,144.96656806,1483109,2186,365,Melbourne,3000
30,4. Night (6pm-12am),Lonsdale St (South),Lon189_T,-37.8112185,144.96656806,1408632,2190,365,Melbourne,3000
31,1. Late Night (12am-6am),Lygon St (West),Lyg161_T,-37.80169681,144.96658911,23419,1075,364,Carlton,3053
31,2. Morning (6am-12pm),Lygon St (West),Lyg161_T,-37.80169681,144.96658911,205741,1453,365,Carlton,3053
31,3. Afternoon (12pm-6pm),Lygon St (West),Lyg161_T,-37.80169681,144.96658911,697013,2186,365,Carlton,3053
31,4. Night (6pm-12am),Lygon St (West),Lyg161_T,-37.80169681,144.96658911,796860,2190,365,Carlton,3053
35,1. Late Night (12am-6am),Southbank,SouthB_T,-37.82018685,144.96508508,303296,2188,365,Southbank,3006
35,2. Morning (6am-12pm),Southbank,SouthB_T,-37.82018685,144.96508508,2763418,2190,365,Southbank,3006
35,3. Afternoon (12pm-6pm),Southbank,SouthB_T,-37.82018685,144.96508508,5382392,2190,365,Southbank,3006
35,4. Night (6pm-12am),Southbank,SouthB_T,-37.82018685,144.96508508,4045375,2190,365,Southbank,3006
36,1. Late Night (12am-6am),Queen St (West),Que85_T,-37.81652527,144.96121062,130764,2174,365,Melbourne,3000
36,2. Morning (6am-12pm),Queen St (West),Que85_T,-37.81652527,144.96121062,469754,2189,365,Melbourne,3000
36,3. Afternoon (12pm-6pm),Queen St (West),Que85_T,-37.81652527,144.96121062,901005,2186,365,Melbourne,3000
36,4. Night (6pm-12am),Queen St (West),Que85_T,-37.81652527,144.96121062,479776,2190,365,Melbourne,3000
37,1. Late Night (12am-6am),Lygon St (East),Lyg260_T,-37.80107122,144.96704554,39725,2169,365,Carlton,3053
37,2. Morning (6am-12pm),Lygon St (East),Lyg260_T,-37.80107122,144.96704554,169245,2156,365,Carlton,3053
37,3. Afternoon (12pm-6pm),Lygon St (East),Lyg260_T,-37.80107122,144.96704554,382041,1732,333,Carlton,3053
37,4. Night (6pm-12am),Lygon St (East),Lyg260_T,-37.80107122,144.96704554,159788,999,365,Carlton,3053
39,1. Late Night (12am-6am),Alfred Place,AlfPl_T,-37.81379749,144.96995745,9865,1392,339,Melbourne,3000
39,2. Morning (6am-12pm),Alfred Place,AlfPl_T,-37.81379749,144.96995745,271474,2115,357,Melbourne,3000
39,3. Afternoon (12pm-6pm),Alfred Place,AlfPl_T,-37.81379749,144.96995745,437355,2104,353,Melbourne,3000
39,4. Night (6pm-12am),Alfred Place,AlfPl_T,-37.81379749,144.96995745,116084,2074,353,Melbourne,3000
40,1. Late Night (12am-6am),Lonsdale St-Spring St (West),Spr201_T,-37.80999341,144.97227587,30929,2029,345,Melbourne,3000
40,2. Morning (6am-12pm),Lonsdale St-Spring St (West),Spr201_T,-37.80999341,144.97227587,580086,2065,345,Melbourne,3000
40,3. Afternoon (12pm-6pm),Lonsdale St-Spring St (West),Spr201_T,-37.80999341,144.97227587,924607,2064,345,Melbourne,3000
40,4. Night (6pm-12am),Lonsdale St-Spring St (West),Spr201_T,-37.80999341,144.97227587,394615,2073,346,Melbourne,3000
41,1. Late Night (12am-6am),Flinders La-Swanston St (West),Swa31,-37.81668634,144.96689733,172146,1053,348,Melbourne,3000
41,2. Morning (6am-12pm),Flinders La-Swanston St (West),Swa31,-37.81668634,144.96689733,1652618,1391,349,Melbourne,3000
41,3. Afternoon (12pm-6pm),Flinders La-Swanston St (West),Swa31,-37.81668634,144.96689733,4776612,2088,349,Melbourne,3000
41,4. Night (6pm-12am),Flinders La-Swanston St (West),Swa31,-37.81668634,144.96689733,2652882,2094,349,Melbourne,3000
42,1. Late Night (12am-6am),Grattan St-Swanston St (West),UM1_T,-37.80008566,144.96386412,11013,1199,313,Parkville,3052
42,2. Morning (6am-12pm),Grattan St-Swanston St (West),UM1_T,-37.80008566,144.96386412,368868,1817,307,Parkville,3052
42,3. Afternoon (12pm-6pm),Grattan St-Swanston St (West),UM1_T,-37.80008566,144.96386412,716846,1623,285,Parkville,3052
42,4. Night (6pm-12am),Grattan St-Swanston St (West),UM1_T,-37.80008566,144.96386412,231492,1593,275,Parkville,3052
43,1. Late Night (12am-6am),Monash Rd-Swanston St (West),UM2_T,-37.79844526,144.96411782,13151,1792,351,Parkville,3052
43,2. Morning (6am-12pm),Monash Rd-Swanston St (West),UM2_T,-37.79844526,144.96411782,306121,2099,351,Parkville,3052
43,3. Afternoon (12pm-6pm),Monash Rd-Swanston St (West),UM2_T,-37.79844526,144.96411782,655694,2106,352,Parkville,3052
43,4. Night (6pm-12am),Monash Rd-Swanston St (West),UM2_T,-37.79844526,144.96411782,250039,2106,352,Parkville,3052
44,1. Late Night (12am-6am),Tin Alley-Swanston St (West),UM3_T,-37.79698741,144.96441306,4629,1237,334,Parkville,3052
44,2. Morning (6am-12pm),Tin Alley-Swanston St (West),UM3_T,-37.79698741,144.96441306,151398,2013,342,Parkville,3052
44,3. Afternoon (12pm-6pm),Tin Alley-Swanston St (West),UM3_T,-37.79698741,144.96441306,305430,2017,337,Parkville,3052
44,4. Night (6pm-12am),Tin Alley-Swanston St (West),UM3_T,-37.79698741,144.96441306,103757,2010,336,Parkville,3052
45,1. Late Night (12am-6am),Little Collins St-Swanston St (East),Swa148_T,-37.81414075,144.96609379,187019,2187,365,Melbourne,3000
45,2. Morning (6am-12pm),Little Collins St-Swanston St (East),Swa148_T,-37.81414075,144.96609379,1055654,2189,365,Melbourne,3000
45,3. Afternoon (12pm-6pm),Little Collins St-Swanston St (East),Swa148_T,-37.81414075,144.96609379,3204780,2186,365,Melbourne,3000
45,4. Night (6pm-12am),Little Collins St-Swanston St (East),Swa148_T,-37.81414075,144.96609379,1930514,2190,365,Melbourne,3000
46,1. Late Night (12am-6am),Pelham St (South),Pel147_T,-37.80240719,144.9615673,5851,1077,317,Carlton,3053
46,2. Morning (6am-12pm),Pelham St (South),Pel147_T,-37.80240719,144.9615673,169331,1986,333,Carlton,3053
46,3. Afternoon (12pm-6pm),Pelham St (South),Pel147_T,-37.80240719,144.9615673,352230,1992,332,Carlton,3053
46,4. Night (6pm-12am),Pelham St (South),Pel147_T,-37.80240719,144.9615673,111268,1905,334,Carlton,3053
47,1. Late Night (12am-6am),Melbourne Central-Elizabeth St (East),Eli250_T,-37.81258467,144.9625775,225036,2183,365,Melbourne,3000
47,2. Morning (6am-12pm),Melbourne Central-Elizabeth St (East),Eli250_T,-37.81258467,144.9625775,1480106,2186,365,Melbourne,3000
47,3. Afternoon (12pm-6pm),Melbourne Central-Elizabeth St (East),Eli250_T,-37.81258467,144.9625775,3971915,2186,365,Melbourne,3000
47,4. Night (6pm-12am),Melbourne Central-Elizabeth St (East),Eli250_T,-37.81258467,144.9625775,2046788,2190,365,Melbourne,3000
48,1. Late Night (12am-6am),QVM-Queen St (East),QVMQ_T,-37.80631581,144.95866697,26617,1192,202,Melbourne,3000
48,2. Morning (6am-12pm),QVM-Queen St (East),QVMQ_T,-37.80631581,144.95866697,581095,2037,364,Melbourne,3000
48,3. Afternoon (12pm-6pm),QVM-Queen St (East),QVMQ_T,-37.80631581,144.95866697,1133192,2174,364,Melbourne,3000
48,4. Night (6pm-12am),QVM-Queen St (East),QVMQ_T,-37.80631581,144.95866697,453261,1969,363,Melbourne,3000
49,1. Late Night (12am-6am),QVM-Therry St (South),Eli501_T,-37.80730068,144.95956055,148556,2188,365,Melbourne,3000
49,2. Morning (6am-12pm),QVM-Therry St (South),Eli501_T,-37.80730068,144.95956055,763711,2189,365,Melbourne,3000
49,3. Afternoon (12pm-6pm),QVM-Therry St (South),Eli501_T,-37.80730068,144.95956055,1482778,2187,365,Melbourne,3000
49,4. Night (6pm-12am),QVM-Therry St (South),Eli501_T,-37.80730068,144.95956055,756961,2190,365,Melbourne,3000
50,1. Late Night (12am-6am),Faraday St-Lygon St (West),Lyg309_T,-37.79808192,144.96721013,21932,2097,365,Carlton,3053
50,2. Morning (6am-12pm),Faraday St-Lygon St (West),Lyg309_T,-37.79808192,144.96721013,348472,2189,365,Carlton,3053
50,3. Afternoon (12pm-6pm),Faraday St-Lygon St (West),Lyg309_T,-37.79808192,144.96721013,911315,2186,365,Carlton,3053
50,4. Night (6pm-12am),Faraday St-Lygon St (West),Lyg309_T,-37.79808192,144.96721013,636159,2190,365,Carlton,3053
51,1. Late Night (12am-6am),QVM-Franklin St (North),Fra118_T,-37.80841815,144.95906316,20021,1055,365,Melbourne,3000
51,2. Morning (6am-12pm),QVM-Franklin St (North),Fra118_T,-37.80841815,144.95906316,194454,1433,365,Melbourne,3000
51,3. Afternoon (12pm-6pm),QVM-Franklin St (North),Fra118_T,-37.80841815,144.95906316,490399,2185,365,Melbourne,3000
51,4. Night (6pm-12am),QVM-Franklin St (North),Fra118_T,-37.80841815,144.95906316,270296,2190,365,Melbourne,3000
52,1. Late Night (12am-6am),Elizabeth St-Lonsdale St (South),Eli263_T,-37.81252157,144.9619401,75936,1540,364,Melbourne,3000
52,2. Morning (6am-12pm),Elizabeth St-Lonsdale St (South),Eli263_T,-37.81252157,144.9619401,556347,2189,365,Melbourne,3000
52,3. Afternoon (12pm-6pm),Elizabeth St-Lonsdale St (South),Eli263_T,-37.81252157,144.9619401,1538170,2187,365,Melbourne,3000
52,4. Night (6pm-12am),Elizabeth St-Lonsdale St (South),Eli263_T,-37.81252157,144.9619401,970128,2190,365,Melbourne,3000
53,1. Late Night (12am-6am),Collins Street (North),Col254_T,-37.81564191,144.965499,54675,2041,342,Melbourne,3000
53,2. Morning (6am-12pm),Collins Street (North),Col254_T,-37.81564191,144.965499,1132367,2047,344,Melbourne,3000
53,3. Afternoon (12pm-6pm),Collins Street (North),Col254_T,-37.81564191,144.965499,2658506,2058,343,Melbourne,3000
53,4. Night (6pm-12am),Collins Street (North),Col254_T,-37.81564191,144.965499,762815,2052,342,Melbourne,3000
54,1. Late Night (12am-6am),Lincoln-Swanston (West),Swa607_T,-37.804024,144.96308399,49578,1956,329,Carlton,3053
54,2. Morning (6am-12pm),Lincoln-Swanston (West),Swa607_T,-37.804024,144.96308399,281884,1965,331,Carlton,3053
54,3. Afternoon (12pm-6pm),Lincoln-Swanston (West),Swa607_T,-37.804024,144.96308399,686676,1971,331,Carlton,3053
54,4. Night (6pm-12am),Lincoln-Swanston (West),Swa607_T,-37.804024,144.96308399,438493,1974,329,Carlton,3053
56,1. Late Night (12am-6am),Lonsdale St - Elizabeth St (North),Lon364_T,-37.81234775,144.96153311,117968,2060,345,Melbourne,3000
56,2. Morning (6am-12pm),Lonsdale St - Elizabeth St (North),Lon364_T,-37.81234775,144.96153311,542516,2061,346,Melbourne,3000
56,3. Afternoon (12pm-6pm),Lonsdale St - Elizabeth St (North),Lon364_T,-37.81234775,144.96153311,1408037,2068,347,Melbourne,3000
56,4. Night (6pm-12am),Lonsdale St - Elizabeth St (North),Lon364_T,-37.81234775,144.96153311,1057822,2073,346,Melbourne,3000
58,1. Late Night (12am-6am),Bourke St - Spencer St (North),Bou688_T,-37.81686075,144.95358075,153431,1973,330,Melbourne,3000
58,2. Morning (6am-12pm),Bourke St - Spencer St (North),Bou688_T,-37.81686075,144.95358075,1608560,1976,330,Melbourne,3000
58,3. Afternoon (12pm-6pm),Bourke St - Spencer St (North),Bou688_T,-37.81686075,144.95358075,2447409,1972,330,Melbourne,3000
58,4. Night (6pm-12am),Bourke St - Spencer St (North),Bou688_T,-37.81686075,144.95358075,1183060,1977,330,Melbourne,3000
59,1. Late Night (12am-6am),Building 80 RMIT,RMIT_T,-37.80825648,144.96304859,120031,2188,365,Melbourne,3000
59,2. Morning (6am-12pm),Building 80 RMIT,RMIT_T,-37.80825648,144.96304859,1303950,2189,365,Melbourne,3000
59,3. Afternoon (12pm-6pm),Building 80 RMIT,RMIT_T,-37.80825648,144.96304859,3044055,2188,365,Melbourne,3000
59,4. Night (6pm-12am),Building 80 RMIT,RMIT_T,-37.80825648,144.96304859,1226551,2190,365,Melbourne,3000
61,1. Late Night (12am-6am),RMIT Building 14,RMIT14_T,-37.80767455,144.96309114,46301,923,365,Melbourne,3000
61,2. Morning (6am-12pm),RMIT Building 14,RMIT14_T,-37.80767455,144.96309114,805347,1352,365,Melbourne,3000
61,3. Afternoon (12pm-6pm),RMIT Building 14,RMIT14_T,-37.80767455,144.96309114,2437972,2190,365,Melbourne,3000
61,4. Night (6pm-12am),RMIT Building 14,RMIT14_T,-37.80767455,144.96309114,1267584,2190,365,Melbourne,3000
62,1. Late Night (12am-6am),La Trobe St (North),Lat224_T,-37.80996494,144.96216521,47587,1163,365,Melbourne,3000
62,2. Morning (6am-12pm),La Trobe St (North),Lat224_T,-37.80996494,144.96216521,433675,2190,365,Melbourne,3000
62,3. Afternoon (12pm-6pm),La Trobe St (North),Lat224_T,-37.80996494,144.96216521,985748,2190,365,Melbourne,3000
62,4. Night (6pm-12am),La Trobe St (North),Lat224_T,-37.80996494,144.96216521,734626,2190,365,Melbourne,3000
63,1. Late Night (12am-6am),231 Bourke St,Bou231_T,-37.81333081,144.96675571,105964,2073,347,Melbourne,3000
63,2. Morning (6am-12pm),231 Bourke St,Bou231_T,-37.81333081,144.96675571,601060,2082,347,Melbourne,3000
63,3. Afternoon (12pm-6pm),231 Bourke St,Bou231_T,-37.81333081,144.96675571,1677331,2088,348,Melbourne,3000
63,4. Night (6pm-12am),231 Bourke St,Bou231_T,-37.81333081,144.96675571,847186,2088,348,Melbourne,3000
65,1. Late Night (12am-6am),Swanston St - City Square,SwaCs_T,-37.81569416,144.9668064,74785,1133,189,Melbourne,3000
65,2. Morning (6am-12pm),Swanston St - City Square,SwaCs_T,-37.81569416,144.9668064,710692,1122,190,Melbourne,3000
65,3. Afternoon (12pm-6pm),Swanston St - City Square,SwaCs_T,-37.81569416,144.9668064,1714280,1134,190,Melbourne,3000
65,4. Night (6pm-12am),Swanston St - City Square,SwaCs_T,-37.81569416,144.9668064,737774,1130,189,Melbourne,3000
66,1. Late Night (12am-6am),State Library - New,QVN_T,-37.81057846,144.96444294,200403,2188,365,Melbourne,3000
66,2. Morning (6am-12pm),State Library - New,QVN_T,-37.81057846,144.96444294,1411671,2190,365,Melbourne,3000
66,3. Afternoon (12pm-6pm),State Library - New,QVN_T,-37.81057846,144.96444294,5557043,2190,365,Melbourne,3000
66,4. Night (6pm-12am),State Library - New,QVN_T,-37.81057846,144.96444294,3234938,2190,365,Melbourne,3000
67,1. Late Night (12am-6am),Flinders Ln -Degraves St (South),FLDegS_T,-37.81688755,144.96562569,65656,2184,365,Melbourne,3000
67,2. Morning (6am-12pm),Flinders Ln -Degraves St (South),FLDegS_T,-37.81688755,144.96562569,1113845,2190,365,Melbourne,3000
67,3. Afternoon (12pm-6pm),Flinders Ln -Degraves St (South),FLDegS_T,-37.81688755,144.96562569,2133112,2190,365,Melbourne,3000
67,4. Night (6pm-12am),Flinders Ln -Degraves St (South),FLDegS_T,-37.81688755,144.96562569,1002509,2190,365,Melbourne,3000
68,1. Late Night (12am-6am),Flinders Ln -Degraves St (North),FLDegN_T,-37.8168479,144.96559789,6139,1285,354,Melbourne,3000
68,2. Morning (6am-12pm),Flinders Ln -Degraves St (North),FLDegN_T,-37.8168479,144.96559789,499569,2176,365,Melbourne,3000
68,3. Afternoon (12pm-6pm),Flinders Ln -Degraves St (North),FLDegN_T,-37.8168479,144.96559789,989177,2190,365,Melbourne,3000
68,4. Night (6pm-12am),Flinders Ln -Degraves St (North),FLDegN_T,-37.8168479,144.96559789,314252,2185,365,Melbourne,3000
69,1. Late Night (12am-6am),Flinders Ln -Degraves St (Crossing),FLDegC_T,-37.81687226,144.96559144,11237,1841,365,Melbourne,3000
69,2. Morning (6am-12pm),Flinders Ln -Degraves St (Crossing),FLDegC_T,-37.81687226,144.96559144,519462,2189,365,Melbourne,3000
69,3. Afternoon (12pm-6pm),Flinders Ln -Degraves St (Crossing),FLDegC_T,-37.81687226,144.96559144,916906,2190,365,Melbourne,3000
69,4. Night (6pm-12am),Flinders Ln -Degraves St (Crossing),FLDegC_T,-37.81687226,144.96559144,164473,2152,365,Melbourne,3000
70,1. Late Night (12am-6am),Errol Street (East),Errol20_T,-37.80456984,144.94946228,10027,1941,365,North Melbourne,3051
70,2. Morning (6am-12pm),Errol Street (East),Errol20_T,-37.80456984,144.94946228,289129,2183,365,North Melbourne,3051
70,3. Afternoon (12pm-6pm),Errol Street (East),Errol20_T,-37.80456984,144.94946228,624249,2167,362,North Melbourne,3051
70,4. Night (6pm-12am),Errol Street (East),Errol20_T,-37.80456984,144.94946228,457932,2167,362,North Melbourne,3051
71,1. Late Night (12am-6am),Westwood Place,WestWP_T,-37.81235775,144.97136962,17565,1970,365,Melbourne,3000
71,2. Morning (6am-12pm),Westwood Place,WestWP_T,-37.81235775,144.97136962,74875,2181,365,Melbourne,3000
71,3. Afternoon (12pm-6pm),Westwood Place,WestWP_T,-37.81235775,144.97136962,71869,2189,365,Melbourne,3000
71,4. Night (6pm-12am),Westwood Place,WestWP_T,-37.81235775,144.97136962,39302,2159,365,Melbourne,3000
72,1. Late Night (12am-6am),Flinders St- ACMI,ACMI_T,-37.81726338,144.96872809,60429,2174,365,Melbourne,3000
72,2. Morning (6am-12pm),Flinders St- ACMI,ACMI_T,-37.81726338,144.96872809,724521,2187,365,Melbourne,3000
72,3. Afternoon (12pm-6pm),Flinders St- ACMI,ACMI_T,-37.81726338,144.96872809,1431493,2184,364,Melbourne,3000
72,4. Night (6pm-12am),Flinders St- ACMI,ACMI_T,-37.81726338,144.96872809,821690,2184,364,Melbourne,3000
75,1. Late Night (12am-6am),Spring St- Flinders st (West),SprFli_T,-37.81515276,144.97467661,8850,1343,339,Melbourne,3000
75,2. Morning (6am-12pm),Spring St- Flinders st (West),SprFli_T,-37.81515276,144.97467661,158886,2158,363,Melbourne,3000
75,3. Afternoon (12pm-6pm),Spring St- Flinders st (West),SprFli_T,-37.81515276,144.97467661,252265,2174,363,Melbourne,3000
75,4. Night (6pm-12am),Spring St- Flinders st (West),SprFli_T,-37.81515276,144.97467661,105578,1878,358,Melbourne,3000
76,1. Late Night (12am-6am),Macaulay Rd- Bellair St,KenMac_T,-37.79453803,144.93036194,3465,1297,365,Kensington,3031
76,2. Morning (6am-12pm),Macaulay Rd- Bellair St,KenMac_T,-37.79453803,144.93036194,187029,2184,365,Kensington,3031
76,3. Afternoon (12pm-6pm),Macaulay Rd- Bellair St,KenMac_T,-37.79453803,144.93036194,245210,2190,365,Kensington,3031
76,4. Night (6pm-12am),Macaulay Rd- Bellair St,KenMac_T,-37.79453803,144.93036194,84961,2158,365,Kensington,3031
77,1. Late Night (12am-6am),Harbour Esplanade (West) - Pedestrian path,HarEsP_T,-37.81441438,144.94433026,26108,1735,330,Docklands,3008
77,2. Morning (6am-12pm),Harbour Esplanade (West) - Pedestrian path,HarEsP_T,-37.81441438,144.94433026,356920,1990,336,Docklands,3008
77,3. Afternoon (12pm-6pm),Harbour Esplanade (West) - Pedestrian path,HarEsP_T,-37.81441438,144.94433026,615941,2011,336,Docklands,3008
77,4. Night (6pm-12am),Harbour Esplanade (West) - Pedestrian path,HarEsP_T,-37.81441438,144.94433026,445944,1924,336,Docklands,3008
78,1. Late Night (12am-6am),Harbour Esplanade (West) - Bike Path,HarEsB_T,-37.81471642,144.9446508,10509,1762,359,Docklands,3008
78,2. Morning (6am-12pm),Harbour Esplanade (West) - Bike Path,HarEsB_T,-37.81471642,144.9446508,155398,2172,364,Docklands,3008
78,3. Afternoon (12pm-6pm),Harbour Esplanade (West) - Bike Path,HarEsB_T,-37.81471642,144.9446508,257335,2184,364,Docklands,3008
78,4. Night (6pm-12am),Harbour Esplanade (West) - Bike Path,HarEsB_T,-37.81471642,144.9446508,102144,2161,364,Docklands,3008
79,1. Late Night (12am-6am),Flinders St (South),FliSS_T,-37.81794046,144.96616678,174752,2157,362,Melbourne,3000
79,2. Morning (6am-12pm),Flinders St (South),FliSS_T,-37.81794046,144.96616678,1155639,2178,363,Melbourne,3000
79,3. Afternoon (12pm-6pm),Flinders St (South),FliSS_T,-37.81794046,144.96616678,2126917,2175,364,Melbourne,3000
79,4. Night (6pm-12am),Flinders St (South),FliSS_T,-37.81794046,144.96616678,1341480,2152,361,Melbourne,3000
84,1. Late Night (12am-6am),Elizabeth St - Flinders St (East) - New footpath,ElFi_T,-37.81798049,144.96503383,253315,2182,365,Melbourne,3000
84,2. Morning (6am-12pm),Elizabeth St - Flinders St (East) - New footpath,ElFi_T,-37.81798049,144.96503383,2412477,2184,364,Melbourne,3000
84,3. Afternoon (12pm-6pm),Elizabeth St - Flinders St (East) - New footpath,ElFi_T,-37.81798049,144.96503383,5135077,2183,364,Melbourne,3000
84,4. Night (6pm-12am),Elizabeth St - Flinders St (East) - New footpath,ElFi_T,-37.81798049,144.96503383,3080865,2184,364,Melbourne,3000
85,1. Late Night (12am-6am),Macaulay Rd (North),488Mac_T,-37.79432415,144.92973378,5890,1463,365,Kensington,3031
85,2. Morning (6am-12pm),Macaulay Rd (North),488Mac_T,-37.79432415,144.92973378,260065,2187,365,Kensington,3031
85,3. Afternoon (12pm-6pm),Macaulay Rd (North),488Mac_T,-37.79432415,144.92973378,357550,2190,365,Kensington,3031
85,4. Night (6pm-12am),Macaulay Rd (North),488Mac_T,-37.79432415,144.92973378,129127,2184,365,Kensington,3031
86,1. Late Night (12am-6am),Queensberry St - Errol St (South),574Qub_T,-37.80309992,144.94908064,4626,1577,362,North Melbourne,3051
86,2. Morning (6am-12pm),Queensberry St - Errol St (South),574Qub_T,-37.80309992,144.94908064,134119,2182,364,North Melbourne,3051
86,3. Afternoon (12pm-6pm),Queensberry St - Errol St (South),574Qub_T,-37.80309992,144.94908064,238989,2184,364,North Melbourne,3051
86,4. Night (6pm-12am),Queensberry St - Errol St (South),574Qub_T,-37.80309992,144.94908064,120770,2162,363,North Melbourne,3051
87,1. Late Night (12am-6am),Errol St (West),Errol23_T,-37.80454949,144.94921863,11783,1944,364,North Melbourne,3051
87,2. Morning (6am-12pm),Errol St (West),Errol23_T,-37.80454949,144.94921863,260813,2186,365,North Melbourne,3051
87,3. Afternoon (12pm-6pm),Errol St (West),Errol23_T,-37.80454949,144.94921863,467100,2178,363,North Melbourne,3051
87,4. Night (6pm-12am),Errol St (West),Errol23_T,-37.80454949,144.94921863,218560,2183,364,North Melbourne,3051
107,1. Late Night (12am-6am),Flagstaff station (East),280Will_T,-37.81246271,144.95690188,38611,2128,357,Melbourne,3000
107,2. Morning (6am-12pm),Flagstaff station (East),280Will_T,-37.81246271,144.95690188,351238,2148,358,Melbourne,3000
107,3. Afternoon (12pm-6pm),Flagstaff station (East),280Will_T,-37.81246271,144.95690188,604025,2148,358,Melbourne,3000
107,4. Night (6pm-12am),Flagstaff station (East),280Will_T,-37.81246271,144.95690188,320072,2148,358,Melbourne,3000
108,1. Late Night (12am-6am),William St - Little Lonsdale St (West),261Will_T,-37.81295822,144.95678789,64849,2182,365,Melbourne,3000
108,2. Morning (6am-12pm),William St - Little Lonsdale St (West),261Will_T,-37.81295822,144.95678789,1330706,2190,365,Melbourne,3000
108,3. Afternoon (12pm-6pm),William St - Little Lonsdale St (West),261Will_T,-37.81295822,144.95678789,1252532,2190,365,Melbourne,3000
108,4. Night (6pm-12am),William St - Little Lonsdale St (West),261Will_T,-37.81295822,144.95678789,456285,2190,365,Melbourne,3000
109,1. Late Night (12am-6am),La Trobe St- William St (South),LatWill_T,-37.81193681,144.95621105,52298,2174,365,Melbourne,3000
109,2. Morning (6am-12pm),La Trobe St- William St (South),LatWill_T,-37.81193681,144.95621105,555351,2177,363,Melbourne,3000
109,3. Afternoon (12pm-6pm),La Trobe St- William St (South),LatWill_T,-37.81193681,144.95621105,759221,2173,363,Melbourne,3000
109,4. Night (6pm-12am),La Trobe St- William St (South),LatWill_T,-37.81193681,144.95621105,385460,2172,362,Melbourne,3000
117,1. Late Night (12am-6am),114 Flinders Street Car Park Footpath,Fli114F_T,-37.81629332,144.97090877,55248,2139,365,Melbourne,3000
117,2. Morning (6am-12pm),114 Flinders Street Car Park Footpath,Fli114F_T,-37.81629332,144.97090877,465416,2160,360,Melbourne,3000
117,3. Afternoon (12pm-6pm),114 Flinders Street Car Park Footpath,Fli114F_T,-37.81629332,144.97090877,870253,2160,360,Melbourne,3000
117,4. Night (6pm-12am),114 Flinders Street Car Park Footpath,Fli114F_T,-37.81629332,144.97090877,624412,2160,360,Melbourne,3000
118,1. Late Night (12am-6am),114 Flinders Street Car Park Crossing,Fli114C_T,-37.81632783,144.97090512,3234,932,343,Melbourne,3000
118,2. Morning (6am-12pm),114 Flinders Street Car Park Crossing,Fli114C_T,-37.81632783,144.97090512,52091,2116,360,Melbourne,3000
118,3. Afternoon (12pm-6pm),114 Flinders Street Car Park Crossing,Fli114C_T,-37.81632783,144.97090512,104251,2160,360,Melbourne,3000
118,4. Night (6pm-12am),114 Flinders Street Car Park Crossing,Fli114C_T,-37.81632783,144.97090512,57049,2147,360,Melbourne,3000
123,1. Late Night (12am-6am),Birrarung Marr East - Batman Ave Bridge Entry,BirBridge_T,-37.81753741,144.97329734,722,194,121,Melbourne,3000
123,2. Morning (6am-12pm),Birrarung Marr East - Batman Ave Bridge Entry,BirBridge_T,-37.81753741,144.97329734,47969,2003,354,Melbourne,3000
123,3. Afternoon (12pm-6pm),Birrarung Marr East - Batman Ave Bridge Entry,BirBridge_T,-37.81753741,144.97329734,89633,2111,353,Melbourne,3000
123,4. Night (6pm-12am),Birrarung Marr East - Batman Ave Bridge Entry,BirBridge_T,-37.81753741,144.97329734,33488,1129,318,Melbourne,3000
124,1. Late Night (12am-6am),Birrarung Marr East - Batman Ave Bridge Entry,BirBridge_T,-37.81757416,144.97329934,11,8,6,Melbourne,3000
124,2. Morning (6am-12pm),Birrarung Marr East - Batman Ave Bridge Entry,BirBridge_T,-37.81757416,144.97329934,4376,520,106,Melbourne,3000
124,3. Afternoon (12pm-6pm),Birrarung Marr East - Batman Ave Bridge Entry,BirBridge_T,-37.81757416,144.97329934,7728,605,125,Melbourne,3000
124,4. Night (6pm-12am),Birrarung Marr East - Batman Ave Bridge Entry,BirBridge_T,-37.81757416,144.97329934,3464,275,102,Melbourne,3000
130,1. Late Night (12am-6am),I-Hub 892 Bourke Street,Bou892T,-37.8204637,144.94126826,1142,525,198,Docklands,3008
130,2. Morning (6am-12pm),I-Hub 892 Bourke Street,Bou892T,-37.8204637,144.94126826,81655,2036,365,Docklands,3008
130,3. Afternoon (12pm-6pm),I-Hub 892 Bourke Street,Bou892T,-37.8204637,144.94126826,164053,2189,365,Docklands,3008
130,4. Night (6pm-12am),I-Hub 892 Bourke Street,Bou892T,-37.8204637,144.94126826,45264,1324,277,Docklands,3008
131,1. Late Night (12am-6am),I-Hub Corner of King Street and Flinders Street (2-6 King),King2_T,-37.82009057,144.95758725,122436,2178,365,Melbourne,3000
131,2. Morning (6am-12pm),I-Hub Corner of King Street and Flinders Street (2-6 King),King2_T,-37.82009057,144.95758725,307983,2178,363,Melbourne,3000
131,3. Afternoon (12pm-6pm),I-Hub Corner of King Street and Flinders Street (2-6 King),King2_T,-37.82009057,144.95758725,590686,2175,363,Melbourne,3000
131,4. Night (6pm-12am),I-Hub Corner of King Street and Flinders Street (2-6 King),King2_T,-37.82009057,144.95758725,377069,2180,365,Melbourne,3000
132,1. Late Night (12am-6am),I-Hub Corner of King Street and Latrobe Street (317-335 King),King335_T,-37.81267639,144.95386444,65740,2174,364,Melbourne,3000
132,2. Morning (6am-12pm),I-Hub Corner of King Street and Latrobe Street (317-335 King),King335_T,-37.81267639,144.95386444,362668,2182,364,Melbourne,3000
132,3. Afternoon (12pm-6pm),I-Hub Corner of King Street and Latrobe Street (317-335 King),King335_T,-37.81267639,144.95386444,653467,2183,364,Melbourne,3000
132,4. Night (6pm-12am),I-Hub Corner of King Street and Latrobe Street (317-335 King),King335_T,-37.81267639,144.95386444,462567,2182,365,Melbourne,3000
133,1. Late Night (12am-6am),I-Hub Southern Cross Station - Lonsdale Street Entrance - South,Spen229_T,-37.81531435,144.95227769,132943,2160,361,Docklands,3008
133,2. Morning (6am-12pm),I-Hub Southern Cross Station - Lonsdale Street Entrance - South,Spen229_T,-37.81531435,144.95227769,1615130,2162,361,Docklands,3008
133,3. Afternoon (12pm-6pm),I-Hub Southern Cross Station - Lonsdale Street Entrance - South,Spen229_T,-37.81531435,144.95227769,2324684,2168,362,Docklands,3008
133,4. Night (6pm-12am),I-Hub Southern Cross Station - Lonsdale Street Entrance - South,Spen229_T,-37.81531435,144.95227769,1424256,2168,362,Docklands,3008
134,1. Late Night (12am-6am),I-Hub Southern Cross Station - Bourke Street Entrance - North,Spen201_T,-37.81694221,144.95303935,178978,2171,365,Docklands,3008
134,2. Morning (6am-12pm),I-Hub Southern Cross Station - Bourke Street Entrance - North,Spen201_T,-37.81694221,144.95303935,1143625,2160,360,Docklands,3008
134,3. Afternoon (12pm-6pm),I-Hub Southern Cross Station - Bourke Street Entrance - North,Spen201_T,-37.81694221,144.95303935,1843173,2171,365,Docklands,3008
134,4. Night (6pm-12am),I-Hub Southern Cross Station - Bourke Street Entrance - North,Spen201_T,-37.81694221,144.95303935,1273192,2188,365,Docklands,3008
135,1. Late Night (12am-6am),I-Hub Southern Cross Station - Bourke Street Entrance - South,Spen161_T,-37.8172861,144.95319102,109076,2184,365,Docklands,3008
135,2. Morning (6am-12pm),I-Hub Southern Cross Station - Bourke Street Entrance - South,Spen161_T,-37.8172861,144.95319102,1146230,2190,365,Docklands,3008
135,3. Afternoon (12pm-6pm),I-Hub Southern Cross Station - Bourke Street Entrance - South,Spen161_T,-37.8172861,144.95319102,2026603,2190,365,Docklands,3008
135,4. Night (6pm-12am),I-Hub Southern Cross Station - Bourke Street Entrance - South,Spen161_T,-37.8172861,144.95319102,878171,2187,365,Docklands,3008
136,1. Late Night (12am-6am),"COM Pole 1120 - Towards the City, Near Federation Square Bridge",BirFed1120_T,-37.8184141,144.97357915,3640,900,314,Melbourne,3000
136,2. Morning (6am-12pm),"COM Pole 1120 - Towards the City, Near Federation Square Bridge",BirFed1120_T,-37.8184141,144.97357915,391452,2138,360,Melbourne,3000
136,3. Afternoon (12pm-6pm),"COM Pole 1120 - Towards the City, Near Federation Square Bridge",BirFed1120_T,-37.8184141,144.97357915,620122,2155,360,Melbourne,3000
136,4. Night (6pm-12am),"COM Pole 1120 - Towards the City, Near Federation Square Bridge",BirFed1120_T,-37.8184141,144.97357915,272355,1999,359,Melbourne,3000
137,1. Late Night (12am-6am),"COM Pole 2353 - Towards the city, NAB Building",BouHbr2353_T,-37.81894815,144.94612292,1461,635,307,Docklands,3008
137,2. Morning (6am-12pm),"COM Pole 2353 - Towards the city, NAB Building",BouHbr2353_T,-37.81894815,144.94612292,103150,2123,363,Docklands,3008
137,3. Afternoon (12pm-6pm),"COM Pole 2353 - Towards the city, NAB Building",BouHbr2353_T,-37.81894815,144.94612292,193370,2176,364,Docklands,3008
137,4. Night (6pm-12am),"COM Pole 2353 - Towards the city, NAB Building",BouHbr2353_T,-37.81894815,144.94612292,36023,2035,364,Docklands,3008
138,1. Late Night (12am-6am),"COM Pole 1671 - Enterprize Park, Queens Bridge",EntPark1671_T,-37.81996544,144.95981454,327,215,130,Melbourne,3000
138,2. Morning (6am-12pm),"COM Pole 1671 - Enterprize Park, Queens Bridge",EntPark1671_T,-37.81996544,144.95981454,16016,1981,365,Melbourne,3000
138,3. Afternoon (12pm-6pm),"COM Pole 1671 - Enterprize Park, Queens Bridge",EntPark1671_T,-37.81996544,144.95981454,33312,2182,365,Melbourne,3000
138,4. Night (6pm-12am),"COM Pole 1671 - Enterprize Park, Queens Bridge",EntPark1671_T,-37.81996544,144.95981454,6718,914,253,Melbourne,3000
139,1. Late Night (12am-6am),COM Pole 1647 - Sandridge Bridge Signal Box,Signal1647_T,-37.81959923,144.9632832,10393,1694,364,Melbourne,3000
139,2. Morning (6am-12pm),COM Pole 1647 - Sandridge Bridge Signal Box,Signal1647_T,-37.81959923,144.9632832,252551,2189,365,Melbourne,3000
139,3. Afternoon (12pm-6pm),COM Pole 1647 - Sandridge Bridge Signal Box,Signal1647_T,-37.81959923,144.9632832,308014,2190,365,Melbourne,3000
139,4. Night (6pm-12am),COM Pole 1647 - Sandridge Bridge Signal Box,Signal1647_T,-37.81959923,144.9632832,130750,2186,365,Melbourne,3000
140,1. Late Night (12am-6am),COM Pole 2837 - Boyd Park,Boyd2837_T,-37.82590962,144.96185972,771,177,104,Southbank,3006
140,2. Morning (6am-12pm),COM Pole 2837 - Boyd Park,Boyd2837_T,-37.82590962,144.96185972,259307,2067,363,Southbank,3006
140,3. Afternoon (12pm-6pm),COM Pole 2837 - Boyd Park,Boyd2837_T,-37.82590962,144.96185972,378241,2162,361,Southbank,3006
140,4. Night (6pm-12am),COM Pole 2837 - Boyd Park,Boyd2837_T,-37.82590962,144.96185972,90567,814,291,Southbank,3006
141,1. Late Night (12am-6am),Awning of Nationwide Parking 474 Flinders Street,474Fl_T,-37.81997273,144.95834911,75060,1582,365,Melbourne,3000
141,2. Morning (6am-12pm),Awning of Nationwide Parking 474 Flinders Street,474Fl_T,-37.81997273,144.95834911,326043,1775,365,Melbourne,3000
141,3. Afternoon (12pm-6pm),Awning of Nationwide Parking 474 Flinders Street,474Fl_T,-37.81997273,144.95834911,672257,2189,365,Melbourne,3000
141,4. Night (6pm-12am),Awning of Nationwide Parking 474 Flinders Street,474Fl_T,-37.81997273,144.95834911,429742,2164,363,Melbourne,3000
142,1. Late Night (12am-6am),COM Pole 1584 - Hammer Hall Entrance,Hammer1584_T,-37.81970749,144.96795734,9453,1006,345,Southbank,3006
142,2. Morning (6am-12pm),COM Pole 1584 - Hammer Hall Entrance,Hammer1584_T,-37.81970749,144.96795734,877748,2157,361,Southbank,3006
142,3. Afternoon (12pm-6pm),COM Pole 1584 - Hammer Hall Entrance,Hammer1584_T,-37.81970749,144.96795734,1843567,2158,361,Southbank,3006
142,4. Night (6pm-12am),COM Pole 1584 - Hammer Hall Entrance,Hammer1584_T,-37.81970749,144.96795734,829615,2081,360,Southbank,3006
143,1. Late Night (12am-6am),"Mounted on Toilet - Spencer Street, Batman Park",Spencer_T,-37.821728,144.95557015,134527,2122,354,Melbourne,3000
143,2. Morning (6am-12pm),"Mounted on Toilet - Spencer Street, Batman Park",Spencer_T,-37.821728,144.95557015,653985,2129,356,Melbourne,3000
143,3. Afternoon (12pm-6pm),"Mounted on Toilet - Spencer Street, Batman Park",Spencer_T,-37.821728,144.95557015,1048718,2134,356,Melbourne,3000
143,4. Night (6pm-12am),"Mounted on Toilet - Spencer Street, Batman Park",Spencer_T,-37.821728,144.95557015,727540,2130,355,Melbourne,3000
161,1. Late Night (12am-6am),Birrarung Marr - COM - Pole 1109,BirArt1109_T,-37.81851276,144.97131336,6681,312,195,Melbourne,3000
161,2. Morning (6am-12pm),Birrarung Marr - COM - Pole 1109,BirArt1109_T,-37.81851276,144.97131336,497792,1755,300,Melbourne,3000
161,3. Afternoon (12pm-6pm),Birrarung Marr - COM - Pole 1109,BirArt1109_T,-37.81851276,144.97131336,840445,1806,301,Melbourne,3000
161,4. Night (6pm-12am),Birrarung Marr - COM - Pole 1109,BirArt1109_T,-37.81851276,144.97131336,398375,1410,300,Melbourne,3000
162,1. Late Night (12am-6am),iHub 489 Elizabeth Street,Eli489_T,-37.80740397,144.95987909,62062,1090,182,Melbourne,3000
162,2. Morning (6am-12pm),iHub 489 Elizabeth Street,Eli489_T,-37.80740397,144.95987909,535885,1092,182,Melbourne,3000
162,3. Afternoon (12pm-6pm),iHub 489 Elizabeth Street,Eli489_T,-37.80740397,144.95987909,1120486,1097,183,Melbourne,3000
162,4. Night (6pm-12am),iHub 489 Elizabeth Street,Eli489_T,-37.80740397,144.95987909,465553,1101,185,Melbourne,3000
164,1. Late Night (12am-6am),I-Hub 526 La Trobe Street (Footpath),Lat526_T,-37.813005,144.95160411,13831,1049,180,West Melbourne,3003
164,2. Morning (6am-12pm),I-Hub 526 La Trobe Street (Footpath),Lat526_T,-37.813005,144.95160411,128455,1080,180,West Melbourne,3003
164,3. Afternoon (12pm-6pm),I-Hub 526 La Trobe Street (Footpath),Lat526_T,-37.813005,144.95160411,223419,1087,183,West Melbourne,3003
164,4. Night (6pm-12am),I-Hub 526 La Trobe Street (Footpath),Lat526_T,-37.813005,144.95160411,157144,1088,183,West Melbourne,3003
165,1. Late Night (12am-6am),475 Spencer Street,Spen475_T,-37.80953359,144.94939004,6566,976,184,West Melbourne,3003
165,2. Morning (6am-12pm),475 Spencer Street,Spen475_T,-37.80953359,144.94939004,56551,1086,181,West Melbourne,3003
165,3. Afternoon (12pm-6pm),475 Spencer Street,Spen475_T,-37.80953359,144.94939004,97761,1086,181,West Melbourne,3003
165,4. Night (6pm-12am),475 Spencer Street,Spen475_T,-37.80953359,144.94939004,68957,1091,182,West Melbourne,3003
166,1. Late Night (12am-6am),484 Spencer Street,Spen484_T,-37.80896733,144.94931703,3073,870,186,West Melbourne,3003
166,2. Morning (6am-12pm),484 Spencer Street,Spen484_T,-37.80896733,144.94931703,63071,1114,186,West Melbourne,3003
166,3. Afternoon (12pm-6pm),484 Spencer Street,Spen484_T,-37.80896733,144.94931703,119364,1116,186,West Melbourne,3003
166,4. Night (6pm-12am),484 Spencer Street,Spen484_T,-37.80896733,144.94931703,67959,1117,187,West Melbourne,3003
167,1. Late Night (12am-6am),I-Hub 526 La Trobe Street (Crossing),Lat526_T,-37.81304149,144.95155955,6564,1018,180,West Melbourne,3003
167,2. Morning (6am-12pm),I-Hub 526 La Trobe Street (Crossing),Lat526_T,-37.81304149,144.95155955,80621,1080,180,West Melbourne,3003
167,3. Afternoon (12pm-6pm),I-Hub 526 La Trobe Street (Crossing),Lat526_T,-37.81304149,144.95155955,81846,1086,183,West Melbourne,3003
167,4. Night (6pm-12am),I-Hub 526 La Trobe Street (Crossing),Lat526_T,-37.81304149,144.95155955,78181,1088,183,West Melbourne,3003
179,1. Late Night (12am-6am),61-67 Power Street Southbank,Pow61_T,-37.82392385,144.96299677,3492,345,59,Southbank,3006
179,2. Morning (6am-12pm),61-67 Power Street Southbank,Pow61_T,-37.82392385,144.96299677,27766,354,59,Southbank,3006
179,3. Afternoon (12pm-6pm),61-67 Power Street Southbank,Pow61_T,-37.82392385,144.96299677,43996,354,59,Southbank,3006
179,4. Night (6pm-12am),61-67 Power Street Southbank,Pow61_T,-37.82392385,144.96299677,43435,357,60,Southbank,3006
180,1. Late Night (12am-6am),"Pumping Station No.2, 330 Macaulay Road",Mac330_T,-37.79497059,144.93530329,176,50,20,Kensington,3031
180,2. Morning (6am-12pm),"Pumping Station No.2, 330 Macaulay Road",Mac330_T,-37.79497059,144.93530329,7945,123,21,Kensington,3031
180,3. Afternoon (12pm-6pm),"Pumping Station No.2, 330 Macaulay Road",Mac330_T,-37.79497059,144.93530329,10467,126,21,Kensington,3031
180,4. Night (6pm-12am),"Pumping Station No.2, 330 Macaulay Road",Mac330_T,-37.79497059,144.93530329,3935,122,21,Kensington,3031
