facility_name,suburb,postcode,lat,long,formatted_address
BRANXHOLME POLICE STATION,Branxholme,3302,-37.85841914799994,141.79875452900012,87-89 MONROE STREET
BRIAGOLONG POLICE STATION,Briagolong,3860,-37.843433269999935,147.06962799500002,19-21 AVON STREET
BRIDGEWATER POLICE STATION,Bridgewater On Loddon,3516,-36.601703715999975,143.9400085640001,38 PARK STREET
BRIGHT POLICE STATION,Bright,3741,-36.731794253999965,146.9620494830001,7 PARK STREET
BROADFORD POLICE STATION,Broadford,3658,-37.20340462599995,145.055423388,156 HIGH STREET
BROADMEADOWS POLICE STATION,Broadmeadows,3047,-37.68322299899995,144.91687455300007,15 DIMBOOLA ROAD
BRUNSWICK POLICE STATION,Brunswick,3056,-37.762812742999984,144.96306858000003,630 SYDNEY ROAD
BRUTHEN POLICE STATION,Bruthen,3885,-37.70751282899994,147.83111908900003,45 MAIN STREET
BANNOCKBURN POLICE STATION,Bannockburn,3331,-38.04993326099998,144.16841498400004,51 HIGH STREET
BEAUFORT POLICE STATION,Beaufort,3373,-37.43148457399997,143.3810581350001,11 LIVINGSTONE STREET
BEEAC POLICE STATION,Beeac,3251,-38.19530615599996,143.64005957900008,6 COULSTON STREET
BEECHWORTH POLICE STATION,Beechworth,3747,-36.35837190299998,146.68887022,102 FORD STREET
BELGRAVE POLICE STATION,Belgrave,3160,-37.90808936999997,145.35461771500002,2 ENA ROAD
BENALLA POLICE STATION,Benalla,3672,-36.55560358699995,145.9752979550001,17 BRIDGE STREET
BENDIGO POLICE STATION,Bendigo,3550,-36.76698964399998,144.26698936200012,221 CALDER HIGHWAY
BENDOC POLICE STATION,Bendoc,3888,-37.14707241499997,148.88491248600008,24 DOWLING STREET
BETHANGA POLICE STATION,Bethanga,3691,-36.12547927999998,147.09932581700002,1 BETHANGA BAY ROAD
BEULAH POLICE STATION,Beulah,3395,-35.943240163999974,142.41949944600003,21-23 PHILLIPS STREET
BIRCHIP POLICE STATION,Birchip,3483,-35.979800144999956,142.91732228500007,95 CUMMING AVENUE
BIRREGURRA POLICE STATION,Birregurra,3242,-38.33629848099997,143.78271101400003,89 MAIN STREET
BOOLARRA POLICE STATION,Boolarra,3870,-38.38044265199994,146.27232066400006,29 TARWIN STREET
BOORT POLICE STATION,Boort,3537,-36.11606286299997,143.7234091890001,4 STATION STREET
BORONIA POLICE STATION,Boronia,3155,-37.85993455799996,145.28548774500007,259 DORSET ROAD
BOX HILL POLICE STATION,Box Hill,3128,-37.81808498299995,145.12729827200008,1 KANGERONG ROAD
COLLINGWOOD POLICE STATION,Abbotsford,3067,-37.80404328399993,144.99356788500006,4 EDDY COURT
ALEXANDRA POLICE STATION,Alexandra,3714,-37.18863455899998,145.70777088900002,33 GRANT STREET
ALTONA NORTH POLICE STATION,Altona North,3025,-37.83609189599997,144.84472483000002,72 COOPER AVENUE
ANGLESEA POLICE STATION,Anglesea,3230,-38.40339863899993,144.19222814500006,55 GREAT OCEAN ROAD
APOLLO BAY POLICE STATION,Apollo Bay,3233,-38.75966440099995,143.67038159800006,31 NELSON STREET
APSLEY POLICE STATION,Apsley,3319,-36.96706059599995,141.08361854300006,17 SPLATT STREET
ARARAT POLICE STATION,Ararat,3377,-37.28424318899994,142.92672242100002,1 LIGAR STREET
ASHBURTON POLICE STATION,Ashburton,3147,-37.86287427199994,145.07970969100006,1 Y STREET
AVOCA POLICE STATION,Avoca,3467,-37.08717013699993,143.4740956420001,146 HIGH STREET
AVONDALE HEIGHTS POLICE STATION,Avondale Heights,3034,-37.75572978699995,144.85944098400012,162 MILITARY ROAD
AXEDALE POLICE STATION,Axedale,3551,-36.786992828999985,144.50156785900003,86 MCIVOR HIGHWAY
BACCHUS MARSH POLICE STATION,Bacchus Marsh,3340,-37.675788067999974,144.43602046600006,119 MAIN STREET
BAIRNSDALE POLICE STATION,Bairnsdale,3875,-37.82586393899993,147.63595803700002,45 MAIN STREET
BALLAN POLICE STATION,Ballan,3342,-37.59995116899995,144.22088917700012,174-176 INGLIS STREET
BALLARAT POLICE STATION,Ballarat Central,3350,-37.56418626599998,143.85911918700003,20 DANA STREET
BALMORAL POLICE STATION,Balmoral,3407,-37.25221013899994,141.83232065100003,78 COLERAINE ROAD
EUROA POLICE STATION,Euroa,3666,-36.75173151299998,145.572693823,40 KIRKLAND AVENUE
FALLS CREEK POLICE STATION,Falls Creek,3699,-36.863572000999966,147.28268399800004,19 BOGONG HIGH PLAINS ROAD
FITZROY POLICE STATION,Fitzroy,3065,-37.80222187499993,144.97913155300012,201 NAPIER STREET
FLEMINGTON POLICE STATION,Flemington,3031,-37.78511910699996,144.9321498070001,30 WELLINGTON STREET
FOOTSCRAY POLICE STATION,Footscray,3011,-37.803867012999945,144.90137279900011,66 HYDE STREET
FORREST POLICE STATION,Forrest,3236,-38.52102480899998,143.71662739500005,45 STATION STREET
FOSTER POLICE STATION,Foster,3960,-38.65214591399996,146.202435454,69-71 MAIN STREET
FRANKSTON POLICE STATION,Frankston,3199,-38.13890076299998,145.12466702300003,15 FLETCHER ROAD
CASTERTON POLICE STATION,Casterton,3311,-37.58532451599996,141.4060271400001,2 JACKSON STREET
CASTLEMAINE POLICE STATION,Castlemaine,3450,-37.06373050399998,144.21936548000008,32 TEMPLETON STREET
CAULFIELD POLICE STATION,Caulfield,3162,-37.88129357899993,145.02327126300008,285-289 HAWTHORN ROAD
CAVENDISH POLICE STATION,Cavendish,3314,-37.52720494799996,142.04041038800003,27 SCOTT STREET
CHARLTON POLICE STATION,Charlton,3525,-36.26960540699997,143.34837347000007,12 CAMP STREET
CHELSEA POLICE STATION,Chelsea,3196,-38.05135574099995,145.11632759500003,314-315 STATION STREET
CHELTENHAM POLICE STATION,Cheltenham,3192,-37.96474395699994,145.05658722500004,1222 NEPEAN HIGHWAY
CHILTERN POLICE STATION,Chiltern,3683,-36.148145237999984,146.61057135700003,64 MAIN STREET
CHURCHILL POLICE STATION,Churchill,3842,-38.307728098999974,146.41738403500003,6 SWITCHBACK ROAD
CLAYTON POLICE STATION,Clayton,3168,-37.92013756299997,145.12046672500003,263 CLAYTON ROAD
CLUNES POLICE STATION,Clunes,3370,-37.29514950599997,143.78362899800004,2 HANNAH STREET
COBDEN POLICE STATION,Cobden,3266,-38.32819154999993,143.0755613770001,52 CURDIE STREET
COBRAM POLICE STATION,Cobram,3644,-35.920383630999936,145.65097438200007,36 WILLIAM STREET
COHUNA POLICE STATION,Cohuna,3568,-35.81134480199995,144.22153354800002,25 MARKET STREET
COLERAINE POLICE STATION,Coleraine,3315,-37.59986086599997,141.69305784900007,63 MCLEOD STREET
CORIO POLICE STATION,Corio,3214,-38.07390162099995,144.35823332200005,121 BACCHUS MARSH ROAD
CORRYONG POLICE STATION,Corryong,3707,-36.19451371699995,147.90394137600003,19 JARDINE STREET
COWES POLICE STATION,Cowes,3922,-38.45008080699995,145.2356708950001,92 CHAPEL STREET
CRAIGIEBURN POLICE STATION,Craigieburn,3064,-37.59834567299998,144.93311945300002,1 BELSAY PLACE
CRANBOURNE POLICE STATION,Cranbourne,3977,-38.113362423999945,145.28342947500005,166-168 SLADEN STREET
CRESSY POLICE STATION,Cressy,3322,-38.03170403599995,143.63364556500005,8-10 LYONS STREET
CRESWICK POLICE STATION,Creswick,3363,-37.429898467999976,143.89234724200003,137 NAPIER STREET
CROYDON POLICE STATION,Croydon,3136,-37.79921657199998,145.27849894300005,171-175 MT DANDENONG ROAD
CULGOA POLICE STATION,Culgoa,3530,-35.71746879099993,143.10626685900002,19 MAIN STREET
DANDENONG POLICE STATION,Dandenong,3175,-37.990248608999934,145.21738491500005,34-50 LANGHORNE STREET
DAYLESFORD POLICE STATION,Daylesford,3460,-37.33802046899996,144.1437253900001,12 VINCENT STREET
DEDERANG POLICE STATION,Dederang,3691,-36.471627093999984,147.01760282100008,4396 KIEWA VALLEY HIGHWAY
DIAMOND CREEK POLICE STATION,Diamond Creek,3089,-37.674089668999954,145.16059418200007,83 MAIN HURSTBRIDGE ROAD
DIMBOOLA POLICE STATION,Dimboola,3414,-36.45644007799996,142.027881513,57 LLOYD STREET
MELBOURNE WEST POLICE STATION,Docklands,3008,-37.81380744599994,144.95125415500002,313 SPENCER STREET
DONALD POLICE STATION,Donald,3480,-36.37365691799994,142.98406650800007,11 BYRNE STREET
DONCASTER POLICE STATION,Doncaster East,3109,-37.78842363199993,145.15783161100012,979-981 DONCASTER ROAD
BUCHAN POLICE STATION,Buchan,3885,-37.49987147099995,148.17131016300004,39 MAIN ROAD
BUNINYONG POLICE STATION,Buninyong,3357,-37.65155726199998,143.884645577,310 SCOTT STREET
BUNYIP POLICE STATION,Bunyip,3815,-38.09751501799997,145.71779978000006,4 PEARSON STREET
BURWOOD POLICE STATION,Burwood,3125,-37.85088379899997,145.098177791,64 BURWOOD HIGHWAY
CAMBERWELL POLICE STATION,Camberwell,3124,-37.833215371999984,145.059226232,311-315 CAMBERWELL ROAD
CAMPERDOWN POLICE STATION,Camperdown,3260,-38.230516696999985,143.146095413,49 FERGUSSON STREET
CANN RIVER POLICE STATION,Cann River,3890,-37.56472879399996,149.15223276100005,6 MONARO HIGHWAY
CAROLINE SPRINGS POLICE STATION,Caroline Springs,3023,-37.730720032999955,144.7412240860001,221-223 CAROLINE SPRINGS BOULEVARD
DOOKIE POLICE STATION,Dookie,3646,-36.330448901999944,145.68570374600006,26 QUEEN STREET
DROMANA POLICE STATION,Dromana,3936,-38.33473170899998,144.961051622,321 POINT NEPEAN ROAD
DROUIN POLICE STATION,Drouin,3818,-38.13021266299995,145.84932379600002,184 PRINCES WAY
DRYSDALE POLICE STATION,Drysdale,3222,-38.174969259999955,144.56976409900005,21-27 EVERSLEY STREET
DUNKELD POLICE STATION,Dunkeld,3294,-37.64998019999996,142.3450426060001,67-69 PARKER STREET
DUNOLLY POLICE STATION,Dunolly,3472,-36.85712091099998,143.73365404000003,9 BULL STREET
ECHUCA POLICE STATION,Echuca,3564,-36.11909001599997,144.74487200500005,7-11 DICKSON STREET
EDENHOPE POLICE STATION,Edenhope,3318,-37.036390093999955,141.2928682280001,3-5 ORME STREET
EILDON POLICE STATION,Eildon,3713,-37.232276266999975,145.91032253900005,22 MAIN STREET
ELMHURST POLICE STATION,Elmhurst,3469,-37.180842912999935,143.2505068190001,25 HIGH STREET
ELMORE POLICE STATION,Elmore,3558,-36.495993141999975,144.61103433000005,58 HERVEY STREET
ELTHAM POLICE STATION,Eltham,3095,-37.71344720299993,145.1506374700001,21 PRYOR STREET
EMERALD POLICE STATION,Emerald,3782,-37.93051106499996,145.44392646000006,386-390 BELGRAVE-GEMBROOK ROAD
ENDEAVOUR HILLS POLICE STATION,Endeavour Hills,3802,-37.975662962999934,145.26167564500008,80 HEATHERTON ROAD
EPPING POLICE STATION,Epping,3076,-37.64674203799996,145.02589162100003,785 HIGH STREET
POLICE AIRWING POLICE STATION,Essendon Fields,3041,-37.71984540899996,144.8988635930001,12 GLOBAL AVENUE
HEALESVILLE POLICE STATION,Healesville,3777,-37.65662715299993,145.5108813050001,38 HARKER STREET
HEATHCOTE POLICE STATION,Heathcote,3523,-36.921714099999974,144.70912932500005,140 HIGH STREET
HEIDELBERG POLICE STATION,Heidelberg,3084,-37.75752019899994,145.0707300260001,9 JIKA STREET
HEYFIELD POLICE STATION,Heyfield,3858,-37.98099348299996,146.78568974600012,3 TEMPLE STREET
HEYWOOD POLICE STATION,Heywood,3304,-38.13349696399996,141.6289629050001,9 LINDSAY STREET
HOPETOUN POLICE STATION,Hopetoun,3396,-35.729287029999966,142.36470035800005,19 DENNYS STREET
HORSHAM POLICE STATION,Horsham,3400,-36.71406741199996,142.20122190000006,20 ROBERTS AVENUE
MOUNT HOTHAM POLICE STATION,Hotham Heights,3741,-36.992069681999965,147.14979972800006,89 GREAT ALPINE ROAD
HURSTBRIDGE POLICE STATION,Hurstbridge,3099,-37.63998203399996,145.19283606400006,790 HEIDELBERG-KINGLAKE ROAD
INGLEWOOD POLICE STATION,Inglewood,3517,-36.57572424899996,143.87005443400005,89 GRANT STREET
INVERLEIGH POLICE STATION,Inverleigh,3321,-38.10157586099996,144.05060418100004,92 HIGH STREET
INVERLOCH POLICE STATION,Inverloch,3996,-38.63111969299996,145.72746969500008,13 BAYVIEW AVENUE
BALLARAT NORTH POLICE STATION,Invermay Park,3350,-37.53577364999995,143.8551771430001,734 NORMAN STREET
JAMIESON POLICE STATION,Jamieson,3723,-37.30333476399994,146.1381824440001,22 NASH STREET
JEPARIT POLICE STATION,Jeparit,3423,-36.14334507099994,141.98877649200006,12 HINDMARSH STREET
KANIVA POLICE STATION,Kaniva,3419,-36.378870002999975,141.24205490200006,83 COMMERCIAL STREET
KATAMATITE POLICE STATION,Katamatite,3649,-36.07934438799998,145.6888369950001,34-36 BEEK STREET
KEILOR DOWNS POLICE STATION,Keilor Downs,3038,-37.72382811699998,144.80750122200004,1 COPERNICUS WAY
KERANG POLICE STATION,Kerang,3579,-35.73390676399998,143.9215074880001,16 ALBERT STREET
BOROONDARA POLICE STATION,Kew,3101,-37.79971090099997,145.05202946200006,34 HARP ROAD
KILMORE POLICE STATION,Kilmore,3764,-37.30706433599994,144.94985508700006,111 POWLETT STREET
KINGLAKE POLICE STATION,Kinglake,3763,-37.53153137999993,145.34048767000002,15 WHITTLESEA-KINGLAKE ROAD
KOO WEE RUP POLICE STATION,Koo Wee Rup,3981,-38.20023540899996,145.48910525000008,260 ROSSITER ROAD
KOONDROOK POLICE STATION,Koondrook,3580,-35.64465580399997,144.1313790260001,40 GUNBOWER PARADE
KOROIT POLICE STATION,Koroit,3282,-38.29259684999994,142.36787571500008,97 COMMERCIAL ROAD
KORUMBURRA POLICE STATION,Korumburra,3950,-38.43457558099993,145.82431173500004,24 BRIDGE STREET
KYABRAM POLICE STATION,Kyabram,3620,-36.313695639999935,145.0525638050001,304 ALLAN STREET
KYNETON POLICE STATION,Kyneton,3444,-37.24767423499998,144.45174339400012,16-22 JENNINGS STREET
LAKE BOGA POLICE STATION,Lake Boga,3584,-35.459549341999946,143.63168124600008,124 MURRAY VALLEY HIGHWAY
LAKE BOLAC POLICE STATION,Lake Bolac,3351,-37.71144267999995,142.8412662730001,200 MONTGOMERY STREET
LAKES ENTRANCE POLICE STATION,Lakes Entrance,3909,-37.87723500399994,147.9945395750001,1 ROADKNIGHT STREET
LANCEFIELD POLICE STATION,Lancefield,3435,-37.278538038999955,144.7362765250001,57 MAIN ROAD
CARRUM DOWNS POLICE STATION,Frankston North,3200,-38.114798263999944,145.173309398,42 BALLARTO ROAD
GEELONG POLICE STATION,Geelong,3220,-38.145358397999985,144.35692269000003,110 MERCER STREET
GISBORNE POLICE STATION,Gisborne,3437,-37.48538120699993,144.58564969700012,35-41 ROBERTSON STREET
GLEN WAVERLEY POLICE STATION,Glen Waverley,3150,-37.90364053199994,145.1640949670001,643 FERNTREE GULLY ROAD
GLENROWAN POLICE STATION,Glenrowan,3675,-36.463488274999975,146.2272591950001,72 GLADSTONE STREET
GOORNONG POLICE STATION,Goornong,3557,-36.61405438699995,144.50922697600004,56  
GORDON POLICE STATION,Gordon,3345,-37.57980743799993,144.1014971400001,86 MAIN STREET
GOROKE POLICE STATION,Goroke,3412,-36.718574186999945,141.4716841710001,58 MAIN STREET
LANDSBOROUGH POLICE STATION,Landsborough,3384,-37.00364110299995,143.12853447200007,2427 ARARAT-ST ARNAUD ROAD
LANG LANG POLICE STATION,Lang Lang,3984,-38.26530318199997,145.56346980400008,11 WESTERNPORT ROAD
LARA POLICE STATION,Lara,3212,-38.023466043999974,144.39604738200012,6-10 FOREST ROAD
LAVERS HILL POLICE STATION,Lavers Hill,3238,-38.68235395099998,143.385939634,64 GREAT OCEAN ROAD
LAVERTON POLICE STATION,Laverton,3028,-37.86326404899995,144.77140251800006,36 MAHER ROAD
LEARMONTH POLICE STATION,Learmonth,3352,-37.42229151099997,143.71535703200004,16 MCKAY STREET
LEONGATHA POLICE STATION,Leongatha,3953,-38.47501968299997,145.94595073800008,10 ANDERSON STREET
LEXTON POLICE STATION,Lexton,3352,-37.27525833699997,143.5138130690001,44 WILLIAMSON STREET
GREENSBOROUGH POLICE STATION,Greensborough,3088,-37.70404256799998,145.09615767200012,165 GRIMSHAW STREET
WAURN PONDS POLICE STATION,Grovedale,3216,-38.20254615199997,144.31263013700004,13-33 ROSSACK DRIVE
GUNBOWER POLICE STATION,Gunbower,3566,-35.95569876899998,144.3671147220001,42  
FAWKNER POLICE STATION,Hadfield,3046,-37.718174062999935,144.96233071300003,1151 SYDNEY ROAD
HALLS GAP POLICE STATION,Halls Gap,3381,-37.13652386799998,142.5192956400001,74 GRAMPIANS ROAD
HAMILTON POLICE STATION,Hamilton,3300,-37.74767010399995,142.02604667800006,17 THOMPSON STREET
HARROW POLICE STATION,Harrow,3317,-37.16419710599996,141.5939318080001,7 BLAIR STREET
HASTINGS POLICE STATION,Hastings,3915,-38.30786319899994,145.1846761090001,137 HIGH STREET
NEWSTEAD POLICE STATION,Newstead,3462,-37.10553992999996,144.0638073560001,35-37 PYRENEES HIGHWAY
NHILL POLICE STATION,Nhill,3418,-36.33319493699997,141.65594546700004,50 NELSON STREET
MELBOURNE NORTH POLICE STATION,North Melbourne,3051,-37.800307965999934,144.95456563300002,36-48 WRECKYN STREET
NORTHCOTE POLICE STATION,Northcote,3070,-37.76612345199993,145.00214674200004,48 DENNIS STREET
NUMURKAH POLICE STATION,Numurkah,3636,-36.08853486999993,145.44435919500006,19-21 SAXTON STREET
NYAH POLICE STATION,Nyah,3594,-35.17186531899995,143.37810885800002,2 HAYES HILL ROAD
OAKLEIGH POLICE STATION,Oakleigh,3166,-37.89828820699995,145.08774722300006,1 ATHERTON ROAD
BELLARINE POLICE STATION,Ocean Grove,3226,-38.266797818999976,144.52193920800005,67 THE PARADE 
MAFFRA POLICE STATION,Maffra,3860,-37.96494173299993,146.97335262500008,38 JOHNSON STREET
MALDON POLICE STATION,Maldon,3463,-36.995484775999955,144.0648737990001,18 FRANCIS STREET
MALLACOOTA POLICE STATION,Mallacoota,3892,-37.56045296499997,149.7509437550001,33 LEES ROAD
MALMSBURY POLICE STATION,Malmsbury,3446,-37.18837112099993,144.3850109560001,74 MOLLISON STREET
MALVERN POLICE STATION,Malvern,3144,-37.855883207999966,145.02961140500008,288 GLENFERRIE ROAD
MANANGATANG POLICE STATION,Manangatang,3546,-35.05036586899996,142.88271742000006,91 WATTLE STREET
MANSFIELD POLICE STATION,Mansfield,3722,-37.05230723699998,146.0869735220001,92 HIGH STREET
MARYBOROUGH POLICE STATION,Maryborough,3465,-37.047309852999945,143.7354682990001,55-61 CLARENDON STREET
MARYSVILLE POLICE STATION,Marysville,3779,-37.51051020399996,145.747808447,13 MURCHISON STREET
MEENIYAN POLICE STATION,Meeniyan,3956,-38.58005920699998,146.0106522630001,139-141 WHITELAW STREET
MELBOURNE EAST POLICE STATION,Melbourne,3000,-37.81655357099993,144.96637460300008,228-232 FLINDERS LANE
AFP - VIC - MELBOURNE OFFICE,Melbourne,3000,-37.81162299999994,144.95814300000006,383 LA TROBE STREET
MELBOURNE AIRPORT POLICE STATION,Melbourne Airport,3045,-37.67008544399994,144.8491179020001,20 ARRIVAL DRIVE
AFP - VIC AVIATION - MELBOURNE AIRPORT,Melbourne Airport,3045,-37.67654299999998,144.85058600000002,2 FRANCIS BRIGGS DRIVE
MELTON POLICE STATION,Melton,3337,-37.685833473999935,144.57794108400003,243-245 STATION ROAD
MERBEIN POLICE STATION,Merbein,3505,-34.167720921999944,142.06265826700007,119 COMMERCIAL STREET
MEREDITH POLICE STATION,Meredith,3333,-37.846513337999966,144.07573476400012,14 WILSON STREET
MERINO POLICE STATION,Merino,3310,-37.72027102499993,141.54994778700006,22 ANNESLEY STREET
MERNDA POLICE STATION,Mernda,3754,-37.60053856199994,145.09254489400007,542 BRIDGE INN ROAD
MILDURA POLICE STATION,Mildura,3500,-34.18606287799997,142.16206767500012,62-68 DEAKIN AVENUE
MILL PARK POLICE STATION,Mill Park,3082,-37.65734985399996,145.0754231850001,151 CENTENARY DRIVE
MINYIP POLICE STATION,Minyip,3392,-36.458079435999935,142.5891791670001,106 MAIN STREET
MIRBOO NORTH POLICE STATION,Mirboo North,3871,-38.400883043999954,146.15888764500005,77 RIDGWAY 
MITTA MITTA POLICE STATION,Mitta Mitta,3701,-36.53717245399997,147.3777896460001,5554 OMEO HIGHWAY
MOE POLICE STATION,Moe,3825,-38.17609556299993,146.26521624600002,3 ANZAC STREET
MONBULK POLICE STATION,Monbulk,3793,-37.87524105999995,145.40769628200007,58 MAIN ROAD
MOONEE PONDS POLICE STATION,Moonee Ponds,3039,-37.76471230599998,144.9240784640001,766 MT ALEXANDER ROAD
MOORABBIN POLICE STATION,Moorabbin,3189,-37.93739473599993,145.03822237400004,1013 NEPEAN HIGHWAY
MOOROOLBARK POLICE STATION,Mooroolbark,3138,-37.789537725999935,145.31053496100003,188-190 HULL ROAD
MOOROOPNA POLICE STATION,Mooroopna,3629,-36.39542601699998,145.3561205520001,119 MCLENNAN STREET
MORDIALLOC POLICE STATION,Mordialloc,3195,-38.00377788299994,145.08624021000003,31 ALBERT STREET
MORNINGTON POLICE STATION,Mornington,3931,-38.21650756899993,145.03683647600008,UNIT 1 10 MAIN STREET
LILYDALE POLICE STATION,Lilydale,3140,-37.755603391999955,145.34239580300004,6 ALBERT HILL ROAD
LINTON POLICE STATION,Linton,3360,-37.68744467099998,143.56187256500004,UNIT 3 82 SUSSEX STREET
LISMORE POLICE STATION,Lismore,3324,-37.95328630999995,143.33976605100008,69 HIGH STREET
LOCH POLICE STATION,Loch,3945,-38.36867268099997,145.7037161510001,10 VICTORIA ROAD
LOCH SPORT POLICE STATION,Loch Sport,3851,-38.057999923999944,147.56734778100008,5079 LONGFORD-LOCH SPORT ROAD
LORNE POLICE STATION,Lorne,3232,-38.54085077299993,143.9737497640001,44 SMITH STREET
MACARTHUR POLICE STATION,Macarthur,3286,-38.03248849799997,142.00084800900004,12 MARKET STREET
MACEDON POLICE STATION,Macedon,3440,-37.42292178799994,144.56776918100002,61 VICTORIA STREET
MORTLAKE POLICE STATION,Mortlake,3272,-38.08161942099997,142.8081421830001,32 OFFICER STREET
MORWELL POLICE STATION,Morwell,3840,-38.23729254299997,146.3944172690001,8-10 HAZELWOOD ROAD
MOUNT BEAUTY POLICE STATION,Mount Beauty,3699,-36.74397447599995,147.17137472600007,2 PARK STREET
MOUNT BULLER POLICE STATION,Mount Buller,3723,-37.14633098899998,146.45140813900002,1 CHAMOIS CLOSE
MOUNT EVELYN POLICE STATION,Mount Evelyn,3796,-37.78714536799998,145.3805476430001,17 YORK ROAD
MOUNT WAVERLEY POLICE STATION,Mount Waverley,3149,-37.880457691999936,145.12834340000006,338 STEPHENSONS ROAD
MOYHU POLICE STATION,Moyhu,3732,-36.57816507299998,146.37517038800002,31 BARTLEY STREET
MURCHISON POLICE STATION,Murchison,3610,-36.618133899999975,145.2159066580001,8 WATSON STREET
MURRAYVILLE POLICE STATION,Murrayville,3512,-35.26410082599995,141.18265245600003,13 REED STREET
MURTOA POLICE STATION,Murtoa,3390,-36.616725895999934,142.4698754320001,5 CROMIE STREET
MYRTLEFORD POLICE STATION,Myrtleford,3737,-36.56050573799996,146.72675502800007,3 QUEEN STREET
NAGAMBIE POLICE STATION,Nagambie,3608,-36.78759829399996,145.15441114500004,14 FILSON STREET
NARRE WARREN POLICE STATION,Narre Warren,3805,-38.02598223799998,145.31117643700009,1-7 COVENTRY ROAD
NATHALIA POLICE STATION,Nathalia,3638,-36.05975287999996,145.2034193730001,66 BLAKE STREET
NATIMUK POLICE STATION,Natimuk,3409,-36.73973366799993,141.94704460000003,37 MAIN STREET
NEERIM SOUTH POLICE STATION,Neerim South,3831,-38.01830769999998,145.9542584300001,76 MAIN NEERIM ROAD
QUEENSCLIFF POLICE STATION,Queenscliff,3225,-38.270115035999936,144.6610161960001,56 GELLIBRAND STREET
RAINBOW POLICE STATION,Rainbow,3424,-35.90210358799993,141.99646384400012,23 LAKE STREET
RAWSON POLICE STATION,Rawson,3825,-37.95615431299995,146.39756990500007,4 LEHMANN COURT
RAYWOOD POLICE STATION,Raywood,3570,-36.53866855199993,144.2039157800001,29 SANDHURST STREET
RED CLIFFS POLICE STATION,Red Cliffs,3496,-34.304045232999954,142.18678013200008,9 JACARANDA STREET
RESERVOIR POLICE STATION,Reservoir,3073,-37.71648180599993,145.00564234400008,23 EDWARDES STREET
RICHMOND POLICE STATION,Richmond,3121,-37.81744930999997,144.99957836500005,217-225 CHURCH STREET
RIDDELLS CREEK POLICE STATION,Riddells Creek,3431,-37.46196029799995,144.67857413000002,65 MAIN ROAD
RINGWOOD POLICE STATION,Ringwood,3134,-37.81313539299998,145.22713634000002,31 RINGWOOD STREET
ROBINVALE POLICE STATION,Robinvale,3549,-34.58553529599993,142.7706163150001,95 BROMLEY ROAD
ROCHESTER POLICE STATION,Rochester,3561,-36.36329107599994,144.69909604800011,27 MOORE STREET
ROKEWOOD POLICE STATION,Rokewood,3330,-37.90095037399993,143.7216534060001,54 FERRARS STREET
ROMSEY POLICE STATION,Romsey,3434,-37.34375334999993,144.7417154750001,157 MAIN STREET
ROSEBUD POLICE STATION,Rosebud,3939,-38.36981984899995,144.88965882500008,95 BONEO ROAD
ROSEDALE POLICE STATION,Rosedale,3847,-38.150698870999975,146.789340024,34-36 LYONS STREET
ROWVILLE POLICE STATION,Rowville,3178,-37.91889123999994,145.2388115000001,30 FULHAM ROAD
RUPANYUP POLICE STATION,Rupanyup,3388,-36.63310413599993,142.63070151800002,60-62 CROMIE STREET
RUSHWORTH POLICE STATION,Rushworth,3612,-36.59043329999997,145.01670871300007,75 HIGH STREET
RUTHERGLEN POLICE STATION,Rutherglen,3685,-36.05648902399997,146.45864043000006,167 HIGH STREET
RYE POLICE STATION,Rye,3941,-38.37064162899998,144.81892907100007,4 DUNDAS STREET
SALE POLICE STATION,Sale,3850,-38.11112573699995,147.06097962100012,11 REEVE STREET
SAN REMO POLICE STATION,San Remo,3925,-38.52103678299994,145.3784188620001,28-34 PHILLIP ISLAND ROAD
BAYSIDE POLICE STATION,Sandringham,3191,-37.94856942399997,145.00376000500012,25-29 ABBOTT STREET
SEA LAKE POLICE STATION,Sea Lake,3533,-35.50247624999997,142.84975527000006,102 HORACE STREET
SERPENTINE POLICE STATION,Serpentine,3517,-36.40601130199997,143.97410800500006,2 TRESISE STREET
SEYMOUR POLICE STATION,Seymour,3660,-37.01985793199998,145.12988911600007,60 TALLAROOK STREET
SHEPPARTON POLICE STATION,Shepparton,3630,-36.381530183999985,145.3979797180001,155 WELSFORD STREET
SKIPTON POLICE STATION,Skipton,3361,-37.68395993799993,143.36118627400003,22 BLAKE STREET
SMYTHESDALE POLICE STATION,Smythesdale,3351,-37.64322847999995,143.6865238900001,4 SEBASTOPOL-SMYTHESDALE ROAD
SORRENTO POLICE STATION,Sorrento,3943,-38.33613000799994,144.74214450500006,12 HOTHAM ROAD
SOUTH MELBOURNE POLICE STATION,South Melbourne,3205,-37.83484704099993,144.95956911500002,211 BANK STREET
SOUTHBANK POLICE STATION,Southbank,3006,-37.828318999999965,144.96093880800004,66 MORAY STREET
OLINDA POLICE STATION,Olinda,3788,-37.85610746399993,145.36504042,549 MOUNT DANDENONG TOURIST ROAD
OMEO POLICE STATION,Omeo,3898,-37.10203800199997,147.59233653500007,19 TONGIO ROAD
ORBOST POLICE STATION,Orbost,3888,-37.706650766999985,148.45599732300002,1 LAWSON LANE
OUYEN POLICE STATION,Ouyen,3490,-35.06986749999993,142.3151815440001,43 OKE STREET
PAKENHAM POLICE STATION,Pakenham,3810,-38.061829787999955,145.45345701100007,780 PRINCES HIGHWAY
PENSHURST POLICE STATION,Penshurst,3289,-37.87464626299993,142.28978761300004,35 MARTIN STREET
PIANGIL POLICE STATION,Piangil,3597,-35.053983251999966,143.3137015650001,51 MURRAY STREET
PORT CAMPBELL POLICE STATION,Port Campbell,3269,-38.61781260399994,142.9980239670001,63 LORD STREET
SPEED POLICE STATION,Speed,3488,-35.40107782899997,142.44036408800002,8 CARTER STREET
SPRINGVALE POLICE STATION,Springvale,3171,-37.95524346099995,145.15143784100007,314-322 SPRINGVALE ROAD
ST ARNAUD POLICE STATION,St Arnaud,3478,-36.61707013199998,143.2595166200001,7-9 JENNINGS STREET
ST KILDA POLICE STATION,St Kilda,3182,-37.86788733399993,144.99067766000007,92 CHAPEL STREET
STANHOPE POLICE STATION,Stanhope,3623,-36.44643581899993,144.9850996660001,44 BIRDWOOD AVENUE
STAWELL POLICE STATION,Stawell,3380,-37.05569964899996,142.78404063100004,9 PATRICK STREET
STRATFORD POLICE STATION,Stratford,3862,-37.96353171699997,147.08023673700006,89 TYERS STREET
SUNBURY POLICE STATION,Sunbury,3429,-37.57982462599995,144.7354814460001,41 MACEDON STREET
PORT FAIRY POLICE STATION,Port Fairy,3284,-38.38766562199993,142.23935110500008,10 CAMPBELL STREET
PORTARLINGTON POLICE STATION,Portarlington,3223,-38.115344437999966,144.65788732300007,119 NEWCOMBE STREET
PORTLAND POLICE STATION,Portland,3305,-38.35252453199996,141.60809728300012,2 GLENELG STREET
PRAHRAN POLICE STATION,Prahran,3181,-37.847837262999974,145.00008732000003,396 MALVERN ROAD
PRESTON POLICE STATION,Preston,3072,-37.73917225899993,145.00593259000004,55 ROSEBERRY AVENUE
PYALONG POLICE STATION,Pyalong,3521,-37.12332204299997,144.85684668200008,17 HIGH STREET
PYRAMID HILL POLICE STATION,Pyramid Hill,3575,-36.054984875999935,144.11306863800007,9 VICTORIA STREET
QUAMBATOOK POLICE STATION,Quambatook,3540,-35.85226746199993,143.52139651200002,UNIT 1 5 GUTHRIE STREET
TERANG POLICE STATION,Terang,3264,-38.24081464099993,142.9196306350001,18 HIGH STREET
TIMBOON POLICE STATION,Timboon,3268,-38.48344060299996,142.97125155100002,74 BAILEY STREET
TONGALA POLICE STATION,Tongala,3621,-36.24901279899995,144.950467999,72-74 MILLER STREET
TOORA POLICE STATION,Toora,3962,-38.66157581199997,146.32472219400006,5-7 FOSTER ROAD
TORQUAY POLICE STATION,Torquay,3228,-38.325513426999976,144.3180503420001,122-128 GEELONG ROAD
TRAFALGAR POLICE STATION,Trafalgar,3824,-38.21263770599995,146.1541948260001,27 CONTINGENT STREET
TRARALGON POLICE STATION,Traralgon,3844,-38.19485279199995,146.53660497600004,17 KAY STREET
TRENTHAM POLICE STATION,Trentham,3458,-37.390683009999975,144.3212069340001,12 COSMO ROAD
TUNGAMAH POLICE STATION,Tungamah,3728,-36.16504320799993,145.8808254270001,6 STATION STREET
UNDERBOOL POLICE STATION,Underbool,3509,-35.171119517999955,141.80992578400003,32 MONASH AVENUE
FOREST HILL POLICE STATION,Vermont South,3133,-37.84581669299996,145.1713162210001,469-485 SPRINGVALE ROAD
VIOLET TOWN POLICE STATION,Violet Town,3669,-36.63617795399995,145.7152663290001,53 COWSLIP STREET
WALLAN POLICE STATION,Wallan,3756,-37.416510561999985,144.98169750500006,100 WATSON STREET
WALWA POLICE STATION,Walwa,3709,-35.96496978799996,147.73368835000008,2 HANNA STREET
WANGARATTA POLICE STATION,Wangaratta,3677,-36.36095008099994,146.31414044000007,21-23 HANDLEY STREET
KNOX POLICE STATION,Wantirna South,3152,-37.86972927299996,145.23661513800005,414 BURWOOD HIGHWAY
WARBURTON POLICE STATION,Warburton,3799,-37.75478766899994,145.6880651990001,44 STATION ROAD
WARRACKNABEAL POLICE STATION,Warracknabeal,3393,-36.24998028999994,142.39527584100006,87 SCOTT STREET
WARRAGUL POLICE STATION,Warragul,3820,-38.16178698299995,145.93327831700003,37 PALMERSTON STREET
WARRANDYTE POLICE STATION,Warrandyte,3113,-37.74088660799998,145.212904739,65 YARRA STREET
WARRNAMBOOL POLICE STATION,Warrnambool,3280,-38.38109286699995,142.4785032540001,214 KOROIT STREET
WEDDERBURN POLICE STATION,Wedderburn,3518,-36.42419022399997,143.6157181950001,2 ST ARNAUD ROAD
WERRIBEE POLICE STATION,Werribee,3030,-37.89396966199996,144.68104352900002,134-140 PRINCES HIGHWAY
WERRIMULL POLICE STATION,Werrimull,3496,-34.38737069999996,141.5975275720001,5515 MILLEWA ROAD
WHITFIELD POLICE STATION,Whitfield,3733,-36.76395618599997,146.41424868500008,4886 WANGARATTA-WHITFIELD ROAD
WHITTLESEA POLICE STATION,Whittlesea,3757,-37.51016545699997,145.11862395800006,78 CHURCH STREET
WILLAURA POLICE STATION,Willaura,3379,-37.54600901199995,142.74112631200012,80-82 MAIN STREET
WATER POLICE SEARCH AND RESCUE POLICE STATION,Williamstown,3016,-37.863549201999945,144.90653565600007,100 NELSON PLACE
WILLIAMSTOWN POLICE STATION,Williamstown,3016,-37.86338217699995,144.90619972900004,100 NELSON PLACE
WINCHELSEA POLICE STATION,Winchelsea,3241,-38.244265343999984,143.98989708300007,15 HESSE STREET
BALLARAT WEST POLICE STATION,Winter Valley,3356,-37.56992223499998,143.7998466890001,1 MIRELLE DRIVE
WODONGA POLICE STATION,Wodonga,3690,-36.12215752199995,146.8900790340001,100 HOVELL STREET
SUNSHINE POLICE STATION,Sunshine,3020,-37.77758009599995,144.83136164600012,497 BALLARAT ROAD
SWAN HILL POLICE STATION,Swan Hill,3585,-35.356084102999944,143.56265266200012,507 CAMPBELL STREET
SWIFTS CREEK POLICE STATION,Swifts Creek,3896,-37.26213232999993,147.72096276800005,6894 GREAT ALPINE ROAD
TALLANGATTA POLICE STATION,Tallangatta,3700,-36.215480223999975,147.18043975600006,14 TOWONG STREET
TANGAMBALANGA POLICE STATION,Tangambalanga,3691,-36.25128734699996,147.03461641800004,6 HUON-KIEWA ROAD
TARNAGULLA POLICE STATION,Tarnagulla,3551,-36.770122096999955,143.83313180200005,70-72 COMMERCIAL ROAD
WYNDHAM NORTH POLICE STATION,Tarneit,3029,-37.84788639199997,144.686919116,610 SAYERS ROAD
TATURA POLICE STATION,Tatura,3616,-36.43995735699997,145.2314744150001,195 HOGAN STREET
WONTHAGGI POLICE STATION,Wonthaggi,3995,-38.60762185699997,145.5899386750001,77 WATT STREET
WOODEND POLICE STATION,Woodend,3442,-37.354404959999954,144.52664795200008,39 FOREST STREET
WOODS POINT POLICE STATION,Woods Point,3723,-37.567401889999985,146.25093238700003,24 SCOTT STREET
WOOMELANG POLICE STATION,Woomelang,3485,-35.68103020799998,142.66573617500012,48 BROOK STREET
WYCHEPROOF POLICE STATION,Wycheproof,3527,-36.074455385999954,143.22596515400005,398 BROADWAY 
YACKANDANDAH POLICE STATION,Yackandandah,3749,-36.31063673199998,146.84250918500004,8 RAILWAY AVENUE
YARRA GLEN POLICE STATION,Yarra Glen,3775,-37.66021243199998,145.37320133700007,70 KING STREET
YARRA JUNCTION POLICE STATION,Yarra Junction,3797,-37.780198638999934,145.60701676300005,2395 WARBURTON HIGHWAY
YARRAM POLICE STATION,Yarram,3971,-38.55996057699997,146.67705284400006,123 COMMERCIAL ROAD
YARRAWONGA POLICE STATION,Yarrawonga,3730,-36.02089717699994,145.995258604,25 BURLEY ROAD
YEA POLICE STATION,Yea,3717,-37.21052291099994,145.4267239940001,4 HIGH STREET
COLAC POLICE STATION,Colac,3250,-38.33812085899996,143.59267222200003,
DARTMOOR POLICE STATION,Dartmoor,3304,-37.921707794999975,141.28259420000006,
TIDAL RIVER POLICE STATION,Wilsons Promontory,3960,-39.03077040399995,146.3215891310001,
